sigma,seed,agent,cost,harm,effort,w_mean,g_mean,floor_frac
0.0,0,R,0.04483244296530671,0.03798422115610971,0.06848221809197004,nan,nan,nan
0.0,1,R,0.041145828975504506,0.034634011473765124,0.06511817501739382,nan,nan,nan
0.0,2,R,0.03986176818591134,0.033490226715996954,0.06371541469914387,nan,nan,nan
0.0,3,R,0.04495909504809696,0.038462952016899435,0.0649614303119753,nan,nan,nan
0.0,4,R,0.05042596460707471,0.04364988172357114,0.06776082883503563,nan,nan,nan
0.0,5,R,0.03812105870022789,0.03182442481522021,0.06296633885007683,nan,nan,nan
0.0,6,R,0.027869493728371254,0.022249117766953735,0.05620375961417519,nan,nan,nan
0.0,7,R,0.037164715536556585,0.031203520822968903,0.05961194713587678,nan,nan,nan
0.0,8,R,0.027577437490985415,0.021590289360321337,0.059871481306640766,nan,nan,nan
0.0,9,R,0.05260628970114343,0.04580240684958923,0.06803882851554198,nan,nan,nan
0.0,10,R,0.05067620214350274,0.04389321438924065,0.0678298775426209,nan,nan,nan
0.0,11,R,0.04027127474881056,0.033777125630780974,0.06494149118029581,nan,nan,nan
0.0,12,R,0.027399494615225697,0.0216830124924901,0.057164821227355986,nan,nan,nan
0.0,13,R,0.05099587425415718,0.04429101526199222,0.06704858992164953,nan,nan,nan
0.0,14,R,0.052816308102548455,0.04562121411189365,0.07195093990654809,nan,nan,nan
0.0,15,R,0.05707777344859655,0.05015830002349357,0.06919473425102977,nan,nan,nan
0.0,16,R,0.03961635221512756,0.03339179746509815,0.06224554750029415,nan,nan,nan
0.0,17,R,0.0475937136367703,0.04118537334776854,0.0640834028900176,nan,nan,nan
0.0,18,R,0.05040803612579068,0.04346635497850177,0.06941681147288908,nan,nan,nan
0.0,19,R,0.04232884562591614,0.035782909561117265,0.0654593606479888,nan,nan,nan
0.0,20,R,0.05551970095641656,0.04878146359376114,0.06738237362655423,nan,nan,nan
0.0,21,R,0.04113496791265125,0.034680287046359656,0.0645468086629159,nan,nan,nan
0.0,22,R,0.03986422594078809,0.033927718851900365,0.05936507088887725,nan,nan,nan
0.0,23,R,0.030004476349638272,0.02445776719614839,0.0554670915348988,nan,nan,nan
0.0,24,R,0.04347500193405997,0.03692185892306394,0.0655314301099603,nan,nan,nan
0.0,25,R,0.030648934146713994,0.024585431310553883,0.060635028361601125,nan,nan,nan
0.0,26,R,0.049951398895436844,0.04289662484660021,0.07054774048836633,nan,nan,nan
0.0,27,R,0.03743291928801874,0.031239820146229745,0.06193099141788994,nan,nan,nan
0.0,28,R,0.03818412153308033,0.03204797104456787,0.06136150488512458,nan,nan,nan
0.0,29,R,0.03622503052973854,0.03049073009154404,0.057343004381945034,nan,nan,nan
0.0,0,A1,0.03508712247341759,0.027283607926767737,0.07803514546649852,1.0,1.0500321683724227,0.0
0.0,1,A1,0.02839751376322455,0.021128696519936565,0.07268817243287982,1.0,1.0055507179215035,0.0
0.0,2,A1,0.030608679083734828,0.02347705715819552,0.07131621925539308,1.0,1.0390607887554026,0.0
0.0,3,A1,0.03490993715519443,0.027570459200015177,0.07339477955179251,1.0,1.0015596031489316,0.0
0.0,4,A1,0.0402015716153097,0.032426586325583415,0.07774985289726281,1.0,1.0068345121024853,0.0
0.0,5,A1,0.027860748482553842,0.020827134109585126,0.07033614372968715,1.0,1.007032526879375,0.0
0.0,6,A1,0.023431403322384817,0.017335757774442465,0.06095645547942353,1.0,1.0789684115711156,0.0
0.0,7,A1,0.02968923790733221,0.0229610255977062,0.06728212309626008,1.0,0.979704490018322,0.0
0.0,8,A1,0.021515530082421026,0.015032754234324512,0.06482775848096513,1.0,1.083081784704795,0.0
0.0,9,A1,0.036964065794680284,0.029082241624657713,0.07881824170022571,1.0,1.0196934159482334,0.0
0.0,10,A1,0.03980684638600204,0.031992316351173285,0.07814530034828761,1.0,1.0019291022071877,0.0
0.0,11,A1,0.028669196190501182,0.021370232014339005,0.07298964176162176,1.0,1.0023922453174845,0.0
0.0,12,A1,0.020282243539814573,0.013981441052239276,0.06300802487575298,1.0,1.0208655253146521,0.0
0.0,13,A1,0.03857257066284236,0.030918439803059597,0.07654130859782762,1.0,1.0202240529209765,0.0
0.0,14,A1,0.0367074591951906,0.028477967386251985,0.08229491808938613,1.0,0.9976832693111887,0.0
0.0,15,A1,0.04616510816674821,0.038158764173460535,0.08006343993287676,1.0,1.0166941849530389,0.0
0.0,16,A1,0.0302986340868353,0.023259756643045415,0.07038877443789884,1.0,1.0390410637991772,0.0
0.0,17,A1,0.0369255245407123,0.029572900059672596,0.07352624481039707,1.0,0.9059030615074032,0.0
0.0,18,A1,0.03763726815694246,0.02975225907939045,0.0788500907755201,1.0,0.984511603055573,0.0
0.0,19,A1,0.032474359925262035,0.025140468580596275,0.07333891344665759,1.0,1.0968568285025764,0.0
0.0,20,A1,0.04280116795686534,0.03497590867318961,0.0782525928367573,1.0,0.9667461137067993,0.0
0.0,21,A1,0.030243158308784844,0.023093775316959726,0.07149382991825116,1.0,1.0796291423798439,0.0
0.0,22,A1,0.032327356090380455,0.02565706127432647,0.06670294816053982,1.0,1.0740226761926484,0.0
0.0,23,A1,0.021257159448348738,0.015234712385862562,0.060224470624861755,1.0,1.0717187515333289,0.0
0.0,24,A1,0.03178127990678515,0.024436281503974477,0.07344998402810674,1.0,1.0265181479307446,0.0
0.0,25,A1,0.02306853337639208,0.016367535395151747,0.06700997981240331,1.0,1.0593147265177352,0.0
0.0,26,A1,0.03621657494655571,0.028105400330022807,0.08111174616532901,1.0,1.0103454539935182,0.0
0.0,27,A1,0.02979088913744232,0.022862974863999703,0.06927914273442615,1.0,1.0105982099196196,0.0
0.0,28,A1,0.030641014626941805,0.023807848841093743,0.06833165785848062,1.0,1.0343019568505754,0.0
0.0,29,A1,0.029453364002971067,0.022927578228893023,0.06525785774078044,1.0,0.9717158089626439,0.0
0.0,0,A2,0.043361804651449086,0.03638747057279928,0.06974334078649808,0.13627941631774138,1.1490319274053025,0.0
0.0,1,A2,0.03969032041989893,0.033085516965253865,0.06604803454645067,0.13352515897188802,1.148368740201093,0.0
0.0,2,A2,0.03867143032328931,0.032187738460961526,0.06483691862327783,0.1568374287526702,1.1807855690702722,0.0
0.0,3,A2,0.04361398963718616,0.03700714036220491,0.06606849274981244,0.1527651334892724,1.1215417184258853,0.0
0.0,4,A2,0.04937457905244727,0.042468830066837084,0.06905748985610186,0.1572643918012144,1.1912993415731086,0.0
0.0,5,A2,0.03684666062856785,0.03045504901141323,0.06391611617154619,0.1531644469818272,1.1384537692754308,0.0
0.0,6,A2,0.027401629033079286,0.021711004335315462,0.056906246977638256,0.11681317784224395,1.1395947098776849,0.0
0.0,7,A2,0.03602394719379217,0.029936617062258745,0.06087330131533422,0.12536624095578439,1.0999090406644183,0.0
0.0,8,A2,0.0270290075220132,0.02099753730709674,0.060314702149164595,0.10860375804845522,1.1381944822011854,0.0
0.0,9,A2,0.05022078490492319,0.04323144976850061,0.0698933513642258,0.16639607459936023,1.1733824241090638,0.0
0.0,10,A2,0.04906017562598722,0.042126110625230334,0.06934065000756887,0.1715039051236599,1.1724365351398474,0.0
0.0,11,A2,0.03927243851605733,0.03265838027423399,0.06614058241823341,0.14061071588269297,1.1152200625701623,0.0
0.0,12,A2,0.026489973028065168,0.020684729927081903,0.05805243100983266,0.10371352752966398,1.120858786272231,0.0
0.0,13,A2,0.04957529141368196,0.04271037555292291,0.06864915860759047,0.18391780406486982,1.1675495043927009,0.0
0.0,14,A2,0.05094168885375442,0.043611847008064766,0.07329841845689652,0.14103648195962215,1.1290840495449643,0.0
0.0,15,A2,0.05557988269730566,0.0484860183124995,0.07093864384806162,0.17999390888816477,1.1744998891515623,0.0
0.0,16,A2,0.038302301636484785,0.031950844311194784,0.0635145732529,0.14599248950178526,1.1452771969950601,0.0
0.0,17,A2,0.046338196348718046,0.039791416080362865,0.06546780268355178,0.1782522715347863,1.11397277293131,0.0
0.0,18,A2,0.04889381634839633,0.04180920757070193,0.070846087776944,0.16179932220286916,1.1339205561541548,0.0
0.0,19,A2,0.04096934438261763,0.03433010242933571,0.06639241953281924,0.13052724785697686,1.175916708127866,0.0
0.0,20,A2,0.053916307331657115,0.046997349655282385,0.06918957676374729,0.17929788107626224,1.1589724707534863,0.0
0.0,21,A2,0.03993003128688833,0.03336827368398341,0.06561757602904925,0.15112588633531013,1.1954642365601875,0.0
0.0,22,A2,0.03878369441195869,0.0327333869775698,0.06050307434388887,0.15130752150804624,1.1728374690312955,0.0
0.0,23,A2,0.02910486472081543,0.02348547848741145,0.056193862334039814,0.12636384766463127,1.1385014269703415,0.0
0.0,24,A2,0.04210994460242085,0.03543672507530336,0.06673219527117492,0.14728790589729052,1.142342706160997,0.0
0.0,25,A2,0.02975996631696174,0.023613788299193333,0.06146178017768405,0.12184489478306292,1.1429697837529986,0.0
0.0,26,A2,0.04805832041049281,0.04083425625033169,0.07224064160161116,0.1442196335278869,1.1414956272950005,0.0
0.0,27,A2,0.03630176821803043,0.03001831668645773,0.06283451531572704,0.1350844221978759,1.1476344513508259,0.0
0.0,28,A2,0.0370978737823609,0.030850237015737504,0.06247636766623401,0.13295419006263487,1.1161589432530665,0.0
0.0,29,A2,0.034930909136143,0.029070957189081408,0.05859951947061597,0.13846267267534504,1.115223086146457,0.0
0.0,0,A3,0.03740752747201746,0.029862925541227214,0.07544601930790248,0.8969658334197108,1.1163627126859552,0.0
0.0,1,A3,0.032508299043030216,0.025536816314833746,0.06971482728196468,0.876555008197013,1.1177036878146849,0.0
0.0,2,A3,0.03257724958121484,0.02563683025539815,0.06940419325816696,0.9030522628428004,1.1389834602538107,0.0
0.0,3,A3,0.03801468504967988,0.03096854175378109,0.0704614329589879,0.8544734211736708,1.1287576532017392,0.0
0.0,4,A3,0.045206871193867244,0.037817888136335236,0.07388983057532009,0.841897566559247,1.1992640557392054,0.0
0.0,5,A3,0.030289559772719958,0.023470110760336158,0.06819449012383802,0.9054466094612641,1.1241197272552743,0.0
0.0,6,A3,0.023810174574152843,0.01779253967329837,0.060176349008544704,0.9542310233549819,1.1160722865234585,0.0
0.0,7,A3,0.031513360639247354,0.024990205049962296,0.0652315558928506,0.9051577657441011,1.061041774275832,0.0
0.0,8,A3,0.021970613002196424,0.015535020334591434,0.06435592667604989,0.9706337473345537,1.1164052584537163,0.0
0.0,9,A3,0.04318637638292485,0.03570438825043353,0.07481988132491318,0.8223406159749886,1.1651221058999095,0.0
0.0,10,A3,0.043312869955663594,0.0358598967982782,0.07452973157385394,0.8334576845309122,1.1782472126615442,0.0
0.0,11,A3,0.03261420859154268,0.02554060763647391,0.0707360095506877,0.9005842724009098,1.1159567766872387,0.0
0.0,12,A3,0.022040953868108906,0.01591253781465398,0.06128416053454926,0.9346463082121049,1.0888384429506306,0.0
0.0,13,A3,0.04208820669432716,0.034717985683027135,0.07370221011300027,0.8569958623889922,1.156464547695783,0.0
0.0,14,A3,0.04118131673161454,0.0333118037613194,0.07869512970295142,0.854719063603176,1.107656764996027,0.0
0.0,15,A3,0.05050005964676228,0.0428502784622038,0.07649781184558478,0.8196916244837634,1.1921232285350079,0.0
0.0,16,A3,0.03200698182367748,0.025141980812027377,0.06865001011650097,0.9119664221181373,1.1187596468083454,0.0
0.0,17,A3,0.04049043025547483,0.033488151757290356,0.0700227849818447,0.845797163978949,1.094736177277578,0.0
0.0,18,A3,0.04295766062665513,0.035381491790102054,0.07576168836553081,0.8492023461983214,1.119947378921476,0.0
0.0,19,A3,0.03445132916888454,0.027303588018612785,0.07147741150271755,0.908302034457185,1.1454158207383962,0.0
0.0,20,A3,0.047505328526119904,0.04012005367100972,0.0738527485511018,0.8162375023892258,1.1519512774342366,0.0
0.0,21,A3,0.0322816101130182,0.02529656839864275,0.06985041714375452,0.9135415387052267,1.1644318116971637,0.0
0.0,22,A3,0.03326192038874498,0.026774548646802707,0.06487371741942272,0.9028936153420821,1.1300293275967834,0.0
0.0,23,A3,0.022884581154985276,0.016943399186436895,0.059411819685483785,0.9392926904720028,1.123577031745228,0.0
0.0,24,A3,0.035601840298045986,0.028481855557269106,0.07119984740776876,0.8860711488783631,1.114098266304773,0.0
0.0,25,A3,0.02353547128030044,0.016917547545101205,0.06617923735199235,0.9645638355279483,1.1160093105240225,0.0
0.0,26,A3,0.04008362150608246,0.03233715887327765,0.0774646263280481,0.8389314320544969,1.124209604925134,0.0
0.0,27,A3,0.03147902148516345,0.024757939096113672,0.06721082389049772,0.9051824828067859,1.1106560742615272,0.0
0.0,28,A3,0.03205335620363344,0.02538900699010271,0.06664349213530733,0.9429497791122549,1.0758575718949601,0.0
0.0,29,A3,0.030868087795221696,0.024632113921734148,0.06235973873487549,0.8922893762626105,1.0961129253094946,0.0
0.25,0,R,0.04483244296530671,0.03798422115610971,0.06848221809197004,nan,nan,nan
0.25,1,R,0.041145828975504506,0.034634011473765124,0.06511817501739382,nan,nan,nan
0.25,2,R,0.03986176818591134,0.033490226715996954,0.06371541469914387,nan,nan,nan
0.25,3,R,0.04495909504809696,0.038462952016899435,0.0649614303119753,nan,nan,nan
0.25,4,R,0.05042596460707471,0.04364988172357114,0.06776082883503563,nan,nan,nan
0.25,5,R,0.03812105870022789,0.03182442481522021,0.06296633885007683,nan,nan,nan
0.25,6,R,0.027869493728371254,0.022249117766953735,0.05620375961417519,nan,nan,nan
0.25,7,R,0.037164715536556585,0.031203520822968903,0.05961194713587678,nan,nan,nan
0.25,8,R,0.027577437490985415,0.021590289360321337,0.059871481306640766,nan,nan,nan
0.25,9,R,0.05260628970114343,0.04580240684958923,0.06803882851554198,nan,nan,nan
0.25,10,R,0.05067620214350274,0.04389321438924065,0.0678298775426209,nan,nan,nan
0.25,11,R,0.04027127474881056,0.033777125630780974,0.06494149118029581,nan,nan,nan
0.25,12,R,0.027399494615225697,0.0216830124924901,0.057164821227355986,nan,nan,nan
0.25,13,R,0.05099587425415718,0.04429101526199222,0.06704858992164953,nan,nan,nan
0.25,14,R,0.052816308102548455,0.04562121411189365,0.07195093990654809,nan,nan,nan
0.25,15,R,0.05707777344859655,0.05015830002349357,0.06919473425102977,nan,nan,nan
0.25,16,R,0.03961635221512756,0.03339179746509815,0.06224554750029415,nan,nan,nan
0.25,17,R,0.0475937136367703,0.04118537334776854,0.0640834028900176,nan,nan,nan
0.25,18,R,0.05040803612579068,0.04346635497850177,0.06941681147288908,nan,nan,nan
0.25,19,R,0.04232884562591614,0.035782909561117265,0.0654593606479888,nan,nan,nan
0.25,20,R,0.05551970095641656,0.04878146359376114,0.06738237362655423,nan,nan,nan
0.25,21,R,0.04113496791265125,0.034680287046359656,0.0645468086629159,nan,nan,nan
0.25,22,R,0.03986422594078809,0.033927718851900365,0.05936507088887725,nan,nan,nan
0.25,23,R,0.030004476349638272,0.02445776719614839,0.0554670915348988,nan,nan,nan
0.25,24,R,0.04347500193405997,0.03692185892306394,0.0655314301099603,nan,nan,nan
0.25,25,R,0.030648934146713994,0.024585431310553883,0.060635028361601125,nan,nan,nan
0.25,26,R,0.049951398895436844,0.04289662484660021,0.07054774048836633,nan,nan,nan
0.25,27,R,0.03743291928801874,0.031239820146229745,0.06193099141788994,nan,nan,nan
0.25,28,R,0.03818412153308033,0.03204797104456787,0.06136150488512458,nan,nan,nan
0.25,29,R,0.03622503052973854,0.03049073009154404,0.057343004381945034,nan,nan,nan
0.25,0,A1,0.036055680583131924,0.02738338373599187,0.08672296847140055,1.0,1.0610969053913881,0.0
0.25,1,A1,0.02904983315042537,0.0209507976825584,0.0809903546786697,1.0,1.0061829783244973,0.0
0.25,2,A1,0.031128848798049315,0.02326945853186082,0.07859390266188496,1.0,1.0403562685072603,0.0
0.25,3,A1,0.03558013486836466,0.027516461560211626,0.08063673308153027,1.0,1.003982075621525,0.0
0.25,4,A1,0.04124185650764157,0.03252387037206468,0.08717986135576887,1.0,1.0201593322522629,0.0
0.25,5,A1,0.028384543911804266,0.02057594055469212,0.07808603357112145,1.0,1.0048625724159868,0.0
0.25,6,A1,0.023893013712793856,0.01728735141769977,0.06605662295094085,1.0,1.0650393353846048,0.0
0.25,7,A1,0.030168569762571727,0.022637867390508888,0.07530702372062838,1.0,0.9593103322866283,0.0
0.25,8,A1,0.02188233218802046,0.014738057631163863,0.07144274556856597,1.0,1.0693089741146358,0.0
0.25,9,A1,0.03804526669687566,0.029409029680482292,0.0863623701639337,1.0,1.0244033171819007,0.0
0.25,10,A1,0.04038606977082574,0.03171761383866411,0.08668455932161631,1.0,0.9838080635381969,0.0
0.25,11,A1,0.029440222804354273,0.021410780137942412,0.0802944266641186,1.0,1.011042602569216,0.0
0.25,12,A1,0.020678790027131137,0.013870168143688506,0.06808621883442631,1.0,1.026783809019351,0.0
0.25,13,A1,0.0396917669003467,0.031124882048254036,0.08566884852092671,1.0,1.018132506674823,0.0
0.25,14,A1,0.03816731213921436,0.029124047855327982,0.09043264283886376,1.0,0.9993646960360305,0.0
0.25,15,A1,0.04697243485107225,0.03824742777411654,0.08725007076955707,1.0,1.0231292244582866,0.0
0.25,16,A1,0.030281098676916293,0.02248352979326287,0.07797568883653425,1.0,1.0104277543858462,0.0
0.25,17,A1,0.03790248017880299,0.029759080193615388,0.08143399985187601,1.0,0.896094117371048,0.0
0.25,18,A1,0.038163834668192856,0.029334184599185163,0.08829650069007694,1.0,0.9699053992715673,0.0
0.25,19,A1,0.033321322468245214,0.025362495537315028,0.07958826930930187,1.0,1.1106071665934374,0.0
0.25,20,A1,0.04375954722275639,0.035232589219156625,0.08526958003599772,1.0,0.9662554688245252,0.0
0.25,21,A1,0.030315661902412992,0.022568022961801708,0.07747638940611284,1.0,1.055041521205214,0.0
0.25,22,A1,0.0324842321290011,0.02518517603901775,0.07299056089983354,1.0,1.0515997906916226,0.0
0.25,23,A1,0.021456411200016574,0.014861042589470764,0.06595368610545811,1.0,1.051495406398299,0.0
0.25,24,A1,0.03269140723637959,0.024672190763135624,0.0801921647324396,1.0,1.025209537807933,0.0
0.25,25,A1,0.023800526074194663,0.016439657567472295,0.07360868506722369,1.0,1.054380639196906,0.0
0.25,26,A1,0.03668672632145394,0.027622215414518817,0.09064510906935125,1.0,1.0021889097808871,0.0
0.25,27,A1,0.030505891238894963,0.02293483178405042,0.0757105945484454,1.0,1.011793417465044,0.0
0.25,28,A1,0.03127956289174448,0.02367882840904065,0.07600734482703828,1.0,1.0036918611075414,0.0
0.25,29,A1,0.030196366258958003,0.02305029192823923,0.07146074330718773,1.0,0.9807623791104353,0.0
0.25,0,A2,0.043542535096395704,0.03655837850318634,0.0698415659320936,0.12345698904312406,1.151789474141261,0.0
0.25,1,A2,0.03984337792497486,0.033235153533515194,0.06608224391459669,0.11907693522949073,1.1479508366593083,0.0
0.25,2,A2,0.038809020669534684,0.03231363705225309,0.06495383617281593,0.13497133251287233,1.1808699297248206,0.0
0.25,3,A2,0.04376931569551886,0.03714327668027153,0.0662603901524733,0.1345261547351217,1.1210666754321057,0.0
0.25,4,A2,0.04945997071932808,0.04252857263475905,0.06931398084569032,0.1403536748079267,1.1930411263147582,0.0
0.25,5,A2,0.03705326290398745,0.0306564152549182,0.0639684764906925,0.13061373907131874,1.1378873072224132,0.0
0.25,6,A2,0.02748758599131717,0.021789454000796505,0.056981319905206634,0.10309442628882197,1.1387680274167602,0.0
0.25,7,A2,0.036110547943681896,0.030024839616293954,0.06085708327387939,0.10793202152995542,1.100327431025185,0.0
0.25,8,A2,0.02712443160819013,0.021096234294693282,0.060281973134968476,0.08754334149629868,1.1401528562536718,0.0
0.25,9,A2,0.05054246196056668,0.04354408439865911,0.06998377561907566,0.14880817320835643,1.1738139456570273,0.0
0.25,10,A2,0.049130509128668176,0.0421757639301025,0.06954745198565673,0.15324510082441986,1.171881814951475,0.0
0.25,11,A2,0.03938266740126237,0.03274262035312351,0.06640047048138854,0.13159166813648115,1.1165805161726825,0.0
0.25,12,A2,0.026608943837042456,0.020802493866054764,0.05806449970987692,0.08664903199794627,1.126036380943556,0.0
0.25,13,A2,0.04982933730687333,0.04294858653203657,0.06880750774836757,0.16557204676275344,1.1684026471970894,0.0
0.25,14,A2,0.05099805531097151,0.04366155268149227,0.0733650262947924,0.13570940262327608,1.1278623094799975,0.0
0.25,15,A2,0.05575767499700622,0.04865820397582422,0.07099471021182005,0.16147218391929677,1.1748852542189878,0.0
0.25,16,A2,0.038396916605185065,0.032049997035153564,0.06346919570031499,0.12750402125901686,1.1437738928781087,0.0
0.25,17,A2,0.0464878846547276,0.039938037092306075,0.06549847562421524,0.1606873854582058,1.1150858669449766,0.0
0.25,18,A2,0.04904398718877104,0.04194365550416233,0.071003316846087,0.1496757176298836,1.1348906725203303,0.0
0.25,19,A2,0.04107737189789007,0.034422769891844264,0.06654602006045807,0.12168888599680494,1.1859588212783236,0.0
0.25,20,A2,0.05410443483807465,0.047179474260616486,0.06924960577458167,0.16724333071768974,1.1588974698072652,0.0
0.25,21,A2,0.04006136008290171,0.0334980199496022,0.06563340133299513,0.13818677787257835,1.1942126142991472,0.0
0.25,22,A2,0.03891101130060763,0.03285735802058914,0.060536532800184936,0.13236225826665954,1.1701283253407342,0.0
0.25,23,A2,0.02921863551405761,0.023586831277620124,0.05631804236437486,0.10317040281773056,1.1370671584299534,0.0
0.25,24,A2,0.04231379108460389,0.03563364772070668,0.06680143363897212,0.12767004427676912,1.1454284105504748,0.0
0.25,25,A2,0.02993545576761284,0.023796968402065802,0.061384873655470365,0.10141059245115985,1.1430363423295467,0.0
0.25,26,A2,0.04819180926566585,0.040953549710697666,0.07238259554968188,0.13154702019793563,1.1432862543626932,0.0
0.25,27,A2,0.036503852578203,0.030224781810701117,0.06279070767501888,0.1184197696847084,1.149112982629171,0.0
0.25,28,A2,0.03721253796130289,0.030950468429814745,0.06262069531488142,0.11504901406444719,1.1127857432984574,0.0
0.25,29,A2,0.03506349174194679,0.029196361648503068,0.05867130093443721,0.1230154064873591,1.1135535563630927,0.0
0.25,0,A3,0.038239714591219276,0.030102710427748026,0.0813700416347125,0.8817899626026423,1.1312470086210558,0.0
0.25,1,A3,0.03302142925318895,0.02557747700803785,0.07443952245151095,0.8599900303928161,1.1190997466721344,0.0
0.25,2,A3,0.033132416326416905,0.025744168351056942,0.0738824797535996,0.8910034108002683,1.1448862134488467,0.0
0.25,3,A3,0.03881949619408626,0.031382404787063195,0.0743709140702307,0.8363033722264285,1.1452660643522632,0.0
0.25,4,A3,0.04606078032901699,0.03817787871225502,0.07882901616761973,0.8212494033174278,1.210606911692386,0.0
0.25,5,A3,0.030916988208897534,0.02361008189220055,0.07306906316696982,0.8926887818454702,1.1267138815095639,0.0
0.25,6,A3,0.02418015176425927,0.017803967031613476,0.06376184732645794,0.9481445505964973,1.1077122189502744,0.0
0.25,7,A3,0.03173176712477602,0.02472296663817817,0.07008800486597846,0.8985243603419464,1.0479053701926282,0.0
0.25,8,A3,0.022393945490448368,0.015409447181506674,0.06984498308941696,0.9620833099482131,1.1036666833949553,0.0
0.25,9,A3,0.04410602932052409,0.036304136092183956,0.07801893228340134,0.8001623862443527,1.1723959001743716,0.0
0.25,10,A3,0.043965626142259726,0.036150551077651735,0.07815075064607988,0.8067088142680349,1.1841319813029803,0.0
0.25,11,A3,0.03361311998736864,0.026103145568546232,0.07509974418822411,0.8881614764518427,1.1273763962322558,0.0
0.25,12,A3,0.022434014733977284,0.01597941994132943,0.06454594792647854,0.9250464355431819,1.0937176222311296,0.0
0.25,13,A3,0.04342573222969348,0.035595612279699186,0.07830119949994294,0.8356616135557003,1.1693799512150835,0.0
0.25,14,A3,0.042389513663898426,0.03403991081229652,0.083496028516019,0.840247708156051,1.1124527022497062,0.0
0.25,15,A3,0.05109595226767941,0.04311918676715961,0.07976765500519804,0.7910678387542238,1.1937816781511081,0.0
0.25,16,A3,0.032519410546762134,0.02520683457747898,0.07312575969283153,0.8927134752301894,1.1138668429826655,0.0
0.25,17,A3,0.041036511077543004,0.033729300843909724,0.07307210233633278,0.8210942705666525,1.10310615383127,0.0
0.25,18,A3,0.04341798854142772,0.03541191705849699,0.08006071482930725,0.8322905720084355,1.1181701821682601,0.0
0.25,19,A3,0.03546027424099209,0.027895561500564346,0.07564712740427741,0.8885679478127655,1.1660978252234053,0.0
0.25,20,A3,0.0486221585133214,0.04094153917936848,0.07680619333952919,0.7977567257241607,1.1609790540792382,0.0
0.25,21,A3,0.032559398259817754,0.02524825867869682,0.07311139581120936,0.8937814978608933,1.1555459860456052,0.0
0.25,22,A3,0.03361658673387445,0.026762689701633202,0.0685389703224125,0.8890301060935157,1.1327706418948382,0.0
0.25,23,A3,0.023549772336158473,0.01717519580267399,0.06374576533484481,0.9224647431728038,1.1106553332669833,0.0
0.25,24,A3,0.03657665004627518,0.02909616624307968,0.074804838031955,0.8693831498215655,1.1186739502571255,0.0
0.25,25,A3,0.024245578540204784,0.017087759818617425,0.07157818721587358,0.9556206692893703,1.1140335771907721,0.0
0.25,26,A3,0.04062269021427221,0.032365793135045076,0.08256897079227128,0.8184623447892663,1.1182377617866137,0.0
0.25,27,A3,0.03199787224897655,0.02487838933792448,0.07119482911052072,0.8946304053926929,1.1114060410199402,0.0
0.25,28,A3,0.03258691452457141,0.025354335301328256,0.07232579223243153,0.9365307260449566,1.0628056246773312,0.0
0.25,29,A3,0.03147920726879725,0.02485615966660617,0.06623047602191079,0.8850058236179141,1.1078387812591446,0.0
0.5,0,R,0.04483244296530671,0.03798422115610971,0.06848221809197004,nan,nan,nan
0.5,1,R,0.041145828975504506,0.034634011473765124,0.06511817501739382,nan,nan,nan
0.5,2,R,0.03986176818591134,0.033490226715996954,0.06371541469914387,nan,nan,nan
0.5,3,R,0.04495909504809696,0.038462952016899435,0.0649614303119753,nan,nan,nan
0.5,4,R,0.05042596460707471,0.04364988172357114,0.06776082883503563,nan,nan,nan
0.5,5,R,0.03812105870022789,0.03182442481522021,0.06296633885007683,nan,nan,nan
0.5,6,R,0.027869493728371254,0.022249117766953735,0.05620375961417519,nan,nan,nan
0.5,7,R,0.037164715536556585,0.031203520822968903,0.05961194713587678,nan,nan,nan
0.5,8,R,0.027577437490985415,0.021590289360321337,0.059871481306640766,nan,nan,nan
0.5,9,R,0.05260628970114343,0.04580240684958923,0.06803882851554198,nan,nan,nan
0.5,10,R,0.05067620214350274,0.04389321438924065,0.0678298775426209,nan,nan,nan
0.5,11,R,0.04027127474881056,0.033777125630780974,0.06494149118029581,nan,nan,nan
0.5,12,R,0.027399494615225697,0.0216830124924901,0.057164821227355986,nan,nan,nan
0.5,13,R,0.05099587425415718,0.04429101526199222,0.06704858992164953,nan,nan,nan
0.5,14,R,0.052816308102548455,0.04562121411189365,0.07195093990654809,nan,nan,nan
0.5,15,R,0.05707777344859655,0.05015830002349357,0.06919473425102977,nan,nan,nan
0.5,16,R,0.03961635221512756,0.03339179746509815,0.06224554750029415,nan,nan,nan
0.5,17,R,0.0475937136367703,0.04118537334776854,0.0640834028900176,nan,nan,nan
0.5,18,R,0.05040803612579068,0.04346635497850177,0.06941681147288908,nan,nan,nan
0.5,19,R,0.04232884562591614,0.035782909561117265,0.0654593606479888,nan,nan,nan
0.5,20,R,0.05551970095641656,0.04878146359376114,0.06738237362655423,nan,nan,nan
0.5,21,R,0.04113496791265125,0.034680287046359656,0.0645468086629159,nan,nan,nan
0.5,22,R,0.03986422594078809,0.033927718851900365,0.05936507088887725,nan,nan,nan
0.5,23,R,0.030004476349638272,0.02445776719614839,0.0554670915348988,nan,nan,nan
0.5,24,R,0.04347500193405997,0.03692185892306394,0.0655314301099603,nan,nan,nan
0.5,25,R,0.030648934146713994,0.024585431310553883,0.060635028361601125,nan,nan,nan
0.5,26,R,0.049951398895436844,0.04289662484660021,0.07054774048836633,nan,nan,nan
0.5,27,R,0.03743291928801874,0.031239820146229745,0.06193099141788994,nan,nan,nan
0.5,28,R,0.03818412153308033,0.03204797104456787,0.06136150488512458,nan,nan,nan
0.5,29,R,0.03622503052973854,0.03049073009154404,0.057343004381945034,nan,nan,nan
0.5,0,A1,0.038226258663965396,0.027685222866322984,0.1054103579764241,1.0,1.0620595845530076,0.0
0.5,1,A1,0.03152962675541743,0.021377312652504896,0.1015231410291253,1.0,1.0082995623070012,0.0
0.5,2,A1,0.03288595256705327,0.02336225152144239,0.09523701045610877,1.0,1.032314444086805,0.0
0.5,3,A1,0.03760090162372603,0.027828150055886985,0.09772751567839041,1.0,1.0056431923447482,0.0
0.5,4,A1,0.04251702852674903,0.03146592581332347,0.1105110271342556,1.0,0.9636023403986543,0.0
0.5,5,A1,0.03053135115051013,0.020771730380225246,0.09759620770284883,1.0,1.0290622537584955,0.0
0.5,6,A1,0.025350857231743455,0.017339317044479694,0.08011540187263759,1.0,1.0933555811842572,0.0
0.5,7,A1,0.032900368132491364,0.023077476981689535,0.09822891150801832,1.0,0.9721111765060776,0.0
0.5,8,A1,0.02422941387052331,0.015273585150410801,0.0895582872011251,1.0,1.0844559536646985,0.0
0.5,9,A1,0.03989087678946303,0.02890609396257846,0.10984782826884569,1.0,0.999526795614089,0.0
0.5,10,A1,0.04274358388129575,0.03208520140840023,0.10658382472895521,1.0,1.023650871155118,0.0
0.5,11,A1,0.03193223258790841,0.021942700289476345,0.09989532298432065,1.0,1.0309758174890278,0.0
0.5,12,A1,0.023095162010145727,0.014370271098290805,0.08724890911854924,1.0,1.041535823825448,0.0
0.5,13,A1,0.041631420884987815,0.031038974697716663,0.10592446187271153,1.0,1.009264286773091,0.0
0.5,14,A1,0.03989566526260312,0.028654603144663098,0.11241062117940016,1.0,1.0035711039042516,0.0
0.5,15,A1,0.04860410987472312,0.03815110625653631,0.10453003618186812,1.0,1.0424517661132584,0.0
0.5,16,A1,0.03277794890670059,0.023239411331111962,0.09538537575588626,1.0,1.0520601052742296,0.0
0.5,17,A1,0.04099282580351031,0.030425866517566524,0.10566959285943783,1.0,0.9511967681908534,0.0
0.5,18,A1,0.04020819460434669,0.029100350164513067,0.11107844439833625,1.0,0.9609202251410872,0.0
0.5,19,A1,0.03508440924883126,0.02503571146306223,0.10048697785769026,1.0,1.088104257024145,0.0
0.5,20,A1,0.04539288975226409,0.034838785684049516,0.10554104068214573,1.0,0.9719446643961456,0.0
0.5,21,A1,0.03233852746948651,0.02284688503998803,0.09491642429498476,1.0,1.0612810282521086,0.0
0.5,22,A1,0.03428592806395198,0.024807805333654627,0.09478122730297357,1.0,1.0276984335580954,0.0
0.5,23,A1,0.0234806926780474,0.015154715456458698,0.08325977221588703,1.0,1.0428103699309714,0.0
0.5,24,A1,0.03395202821521005,0.023839141958273444,0.1011288625693661,1.0,0.9846635685832154,0.0
0.5,25,A1,0.02551760644557346,0.01642064265324632,0.09096963792327137,1.0,1.0439175737239368,0.0
0.5,26,A1,0.04031543766094316,0.02934402628769322,0.1097141137324994,1.0,1.0558885307693309,0.0
0.5,27,A1,0.03279056391638839,0.02321212397066921,0.09578439945719185,1.0,1.0168345984692995,0.0
0.5,28,A1,0.033065940220271026,0.023733043202239245,0.0933289701803178,1.0,1.0436876588080752,0.0
0.5,29,A1,0.03268613358823971,0.023743867238305256,0.08942266349934458,1.0,0.9892471449573118,0.0
0.5,0,A2,0.04377558031773565,0.0367706255760132,0.07004954741722451,0.0993631822217638,1.152592787198694,0.0
0.5,1,A2,0.040171646922619764,0.03354768541408825,0.06623961508531513,0.09785180667426181,1.152235578883182,0.0
0.5,2,A2,0.039065643838474,0.03256935214028318,0.06496291698190824,0.11007774456194531,1.1739343628873868,0.0
0.5,3,A2,0.044001426827114755,0.037341935701792506,0.06659491125322248,0.10559614043490036,1.1147032434287207,0.0
0.5,4,A2,0.04970362531166156,0.042725408656876976,0.06978216654784583,0.11705656736216455,1.184205940280317,0.0
0.5,5,A2,0.03741962568423241,0.03098434890013885,0.0643527678409356,0.10108300551243263,1.1483511370867343,0.0
0.5,6,A2,0.027607577865843808,0.021908546412738487,0.0569903145310532,0.07685553677421923,1.1429026187564815,0.0
0.5,7,A2,0.03643148026819009,0.03027307885294419,0.061584014152458996,0.07895485693621228,1.101976978167215,0.0
0.5,8,A2,0.027248972667486514,0.02118869133410362,0.06060281333382895,0.06820287483897684,1.1351887242742285,0.0
0.5,9,A2,0.05088436936318194,0.04382903606453356,0.07055333298648377,0.12249678634153985,1.1675554957597643,0.0
0.5,10,A2,0.04945987561700241,0.04248233197722895,0.06977543639773456,0.13293770629307136,1.1772386176125307,0.0
0.5,11,A2,0.039727579219960896,0.03307923399674665,0.06648345223214247,0.09308094909123978,1.1242588806731373,0.0
0.5,12,A2,0.026891003970140524,0.021057013624213722,0.05833990345926802,0.061882379185314765,1.1301882984363252,0.0
0.5,13,A2,0.050113692906317724,0.043195922095420176,0.06917770810897549,0.1238902660771326,1.168518890257427,0.0
0.5,14,A2,0.05154590228076164,0.044136237382596435,0.07409664898165208,0.1048303450018341,1.1288996405604848,0.0
0.5,15,A2,0.05606042200366163,0.04892982329914443,0.07130598704517203,0.1413712462924645,1.1769287947370675,0.0
0.5,16,A2,0.03876985150125109,0.032408245062739996,0.06361606438511096,0.10013545487417248,1.1594064930922892,0.0
0.5,17,A2,0.04691675625969238,0.04026934368647004,0.06647412573222342,0.12457742493948278,1.1183165474882422,0.0
0.5,18,A2,0.049314948148994335,0.04218093055763035,0.07134017591363981,0.11905796057703465,1.1291941164806039,0.0
0.5,19,A2,0.041413848475413156,0.03473912693715506,0.06674721538258095,0.08969272879347441,1.180788101192979,0.0
0.5,20,A2,0.05440411363630859,0.04741787010139101,0.06986243534917586,0.13698480908551078,1.1574274023644362,0.0
0.5,21,A2,0.040357390003782495,0.033796392040591594,0.06560997963190902,0.10607140959188069,1.1949776113570814,0.0
0.5,22,A2,0.039196329630044505,0.033089179980871256,0.06107149649173252,0.10216860659945919,1.1670859818299504,0.0
0.5,23,A2,0.029465068009089403,0.023832295322100197,0.05632772686989206,0.06871461334825056,1.1356118443296472,0.0
0.5,24,A2,0.042614635363414206,0.03590246471165115,0.06712170651763058,0.09265074696210257,1.135128703745167,0.0
0.5,25,A2,0.030110386161629782,0.02393882281789624,0.061715633437335445,0.07809219758550008,1.137053186112466,0.0
0.5,26,A2,0.048736293467077654,0.0414699118515653,0.07266381615512353,0.09975608750462285,1.1522350907437011,0.0
0.5,27,A2,0.03673332680769947,0.030424028156944647,0.06309298650754828,0.08712217201389491,1.1504042642531644,0.0
0.5,28,A2,0.03744958974832597,0.03114766986956972,0.06301919878756249,0.08135054870234204,1.11828028271522,0.0
0.5,29,A2,0.035289949280687724,0.029374916001070537,0.05915033279617189,0.09267034530825835,1.1167145580693942,0.0
0.5,0,A3,0.04024952972628851,0.03106228251897291,0.09187247207315599,0.8005209521280947,1.1511247120237218,0.0
0.5,1,A3,0.035909610725685874,0.027506393689628587,0.08403217036057285,0.7884914873517157,1.141456043101315,0.0
0.5,2,A3,0.03541721656227435,0.027184607236268872,0.0823260932600548,0.8139214550504151,1.1779638656139637,0.0
0.5,3,A3,0.04058595674825123,0.03228703838769332,0.0829891836055791,0.7754373981622131,1.143248252071794,0.0
0.5,4,A3,0.047651187039734415,0.038876593459916585,0.0877459357981783,0.7591390681578134,1.188872285116963,0.0
0.5,5,A3,0.033339409013274084,0.02487796050710372,0.08461448506170362,0.822117257221893,1.1576672341030056,0.0
0.5,6,A3,0.025676907587499537,0.01823568400942751,0.07441223578072027,0.9110768763566629,1.1542389494165861,0.0
0.5,7,A3,0.03343749857372944,0.025028209037155656,0.08409289536573784,0.8478079006408321,1.0568403007168115,0.0
0.5,8,A3,0.025074983051990782,0.016814890349057438,0.08260092702933342,0.8976321686731481,1.139245071747261,0.0
0.5,9,A3,0.04609318422989252,0.03725444773709686,0.0883873649279566,0.7316272920387115,1.1768618943051152,0.0
0.5,10,A3,0.046122459893906134,0.037165024121603774,0.0895743577230236,0.7614412844871089,1.1885880871730121,0.0
0.5,11,A3,0.03603506615221776,0.027315990029736906,0.08719076122480854,0.8212645076714221,1.1361804490999912,0.0
0.5,12,A3,0.024494408705038842,0.01660116752138786,0.07893241183650983,0.8939072435492632,1.103836891824238,0.0
0.5,13,A3,0.04574979206767218,0.03687212313396942,0.08877668933702758,0.7680130637863634,1.1653657984446395,0.0
0.5,14,A3,0.04545620065650424,0.036051637849266516,0.09404562807237726,0.7569988783654404,1.1337546537716576,0.0
0.5,15,A3,0.052803754293913006,0.04412574761506978,0.08678006678843227,0.7112370615547834,1.2004631717678889,0.0
0.5,16,A3,0.0349729402311587,0.026673651115842967,0.08299289115315733,0.8235193307304709,1.1660462392641813,0.0
0.5,17,A3,0.04315390106328107,0.03460072842815521,0.08553172635125861,0.7405914356395471,1.1261498582551797,0.0
0.5,18,A3,0.04553722418584053,0.036293582185138853,0.0924364200070168,0.7710748918740515,1.1136057843182565,0.0
0.5,19,A3,0.03784653976144154,0.029053284813865064,0.08793254947576477,0.8024071366785739,1.1671704335845101,0.0
0.5,20,A3,0.05054282626581775,0.042010270488733306,0.08532555777084444,0.7194317722533058,1.1804797331416648,0.0
0.5,21,A3,0.035119305459257066,0.026882595381670035,0.08236710077587028,0.8161167264104788,1.1810561281826935,0.0
0.5,22,A3,0.0360134119131862,0.027841947743189363,0.08171464169996837,0.826033030387275,1.1490583087514938,0.0
0.5,23,A3,0.025560895945832784,0.01797235977418027,0.07588536171652514,0.8812076944884214,1.1076537835608546,0.0
0.5,24,A3,0.03861120074601172,0.02995740104541008,0.08653799700601643,0.8114653161564145,1.10693283500102,0.0
0.5,25,A3,0.025961123882760145,0.017509383956353947,0.08451739926406197,0.9058488367718199,1.1105633442517524,0.0
0.5,26,A3,0.04379121620160908,0.03455493384438257,0.09236282357226508,0.7417656304254925,1.1450981626698495,0.0
0.5,27,A3,0.033863217382943164,0.025508489568552416,0.08354727814390749,0.8473627698092563,1.1343826421163767,0.0
0.5,28,A3,0.03457240053943347,0.026150689194621723,0.08421711344811753,0.894143963061211,1.1180933635038055,0.0
0.5,29,A3,0.03312253464291706,0.025445465908396317,0.07677068734520745,0.8361883764332483,1.1188473473918132,0.0
0.75,0,R,0.04483244296530671,0.03798422115610971,0.06848221809197004,nan,nan,nan
0.75,1,R,0.041145828975504506,0.034634011473765124,0.06511817501739382,nan,nan,nan
0.75,2,R,0.03986176818591134,0.033490226715996954,0.06371541469914387,nan,nan,nan
0.75,3,R,0.04495909504809696,0.038462952016899435,0.0649614303119753,nan,nan,nan
0.75,4,R,0.05042596460707471,0.04364988172357114,0.06776082883503563,nan,nan,nan
0.75,5,R,0.03812105870022789,0.03182442481522021,0.06296633885007683,nan,nan,nan
0.75,6,R,0.027869493728371254,0.022249117766953735,0.05620375961417519,nan,nan,nan
0.75,7,R,0.037164715536556585,0.031203520822968903,0.05961194713587678,nan,nan,nan
0.75,8,R,0.027577437490985415,0.021590289360321337,0.059871481306640766,nan,nan,nan
0.75,9,R,0.05260628970114343,0.04580240684958923,0.06803882851554198,nan,nan,nan
0.75,10,R,0.05067620214350274,0.04389321438924065,0.0678298775426209,nan,nan,nan
0.75,11,R,0.04027127474881056,0.033777125630780974,0.06494149118029581,nan,nan,nan
0.75,12,R,0.027399494615225697,0.0216830124924901,0.057164821227355986,nan,nan,nan
0.75,13,R,0.05099587425415718,0.04429101526199222,0.06704858992164953,nan,nan,nan
0.75,14,R,0.052816308102548455,0.04562121411189365,0.07195093990654809,nan,nan,nan
0.75,15,R,0.05707777344859655,0.05015830002349357,0.06919473425102977,nan,nan,nan
0.75,16,R,0.03961635221512756,0.03339179746509815,0.06224554750029415,nan,nan,nan
0.75,17,R,0.0475937136367703,0.04118537334776854,0.0640834028900176,nan,nan,nan
0.75,18,R,0.05040803612579068,0.04346635497850177,0.06941681147288908,nan,nan,nan
0.75,19,R,0.04232884562591614,0.035782909561117265,0.0654593606479888,nan,nan,nan
0.75,20,R,0.05551970095641656,0.04878146359376114,0.06738237362655423,nan,nan,nan
0.75,21,R,0.04113496791265125,0.034680287046359656,0.0645468086629159,nan,nan,nan
0.75,22,R,0.03986422594078809,0.033927718851900365,0.05936507088887725,nan,nan,nan
0.75,23,R,0.030004476349638272,0.02445776719614839,0.0554670915348988,nan,nan,nan
0.75,24,R,0.04347500193405997,0.03692185892306394,0.0655314301099603,nan,nan,nan
0.75,25,R,0.030648934146713994,0.024585431310553883,0.060635028361601125,nan,nan,nan
0.75,26,R,0.049951398895436844,0.04289662484660021,0.07054774048836633,nan,nan,nan
0.75,27,R,0.03743291928801874,0.031239820146229745,0.06193099141788994,nan,nan,nan
0.75,28,R,0.03818412153308033,0.03204797104456787,0.06136150488512458,nan,nan,nan
0.75,29,R,0.03622503052973854,0.03049073009154404,0.057343004381945034,nan,nan,nan
0.75,0,A1,0.03979027949173997,0.026709232403820605,0.1308104708791937,1.0,1.0493269738060145,0.0
0.75,1,A1,0.03331944843158852,0.020384020275490366,0.12935428156098155,1.0,0.9911898526474106,0.0
0.75,2,A1,0.03540986897515667,0.022883022063244114,0.12526846911912554,1.0,1.008242136240055,0.0
0.75,3,A1,0.03921672099366108,0.025926513370290994,0.13290207623370087,1.0,0.9740467842194593,0.0
0.75,4,A1,0.04610469862689302,0.03315778525290586,0.12946913373987165,1.0,1.0644144221341565,0.0
0.75,5,A1,0.03338928762721363,0.021212885143904337,0.12176402483309291,1.0,1.0174658953243707,0.0
0.75,6,A1,0.02840519719641882,0.017519953416871674,0.10885243779547146,1.0,1.0542465915520591,0.0
0.75,7,A1,0.03529415615691801,0.023091181988406505,0.12202974168511505,1.0,1.0035720611161298,0.0
0.75,8,A1,0.02573776600265003,0.014197681634346558,0.11540084368303474,1.0,1.0687548664721502,0.0
0.75,9,A1,0.04275294212939927,0.030045989817430504,0.12706952311968767,1.0,1.0556585350472716,0.0
0.75,10,A1,0.044330215947218754,0.031704833181258815,0.12625382765959936,1.0,1.0226893109373463,0.0
0.75,11,A1,0.03373896621954008,0.020809416446703914,0.12929549772836166,1.0,0.9676796768938866,0.0
0.75,12,A1,0.025696453695957855,0.014492007881235594,0.11204445814722261,1.0,1.0476066992760475,0.0
0.75,13,A1,0.0435916577999573,0.030313131671087647,0.13278526128869653,1.0,1.0110173470758768,0.0
0.75,14,A1,0.041851879378465996,0.027500463263410976,0.14351416115055016,1.0,0.9580251566651793,0.0
0.75,15,A1,0.051404982134100205,0.03835052964045821,0.13054452493641996,1.0,1.036544724937048,0.0
0.75,16,A1,0.03443646857377407,0.021115817740730534,0.1332065083304353,1.0,0.9622801426576513,0.0
0.75,17,A1,0.04445725150873224,0.03122094537321243,0.1323630613551981,1.0,0.9499703268386184,0.0
0.75,18,A1,0.04517539044607931,0.03152682347240584,0.13648566973673468,1.0,1.015476577644116,0.0
0.75,19,A1,0.037282132190472876,0.024977276313484377,0.12304855876988499,1.0,1.0839213906308436,0.0
0.75,20,A1,0.048457564968334595,0.03491459388406287,0.1354297108427172,1.0,0.9587225829282876,0.0
0.75,21,A1,0.03499289135032084,0.02339193234842346,0.11600959001897379,1.0,1.088329198903108,0.0
0.75,22,A1,0.03824413442684164,0.026230676802108138,0.12013457624733499,1.0,1.062426712677451,0.0
0.75,23,A1,0.026152231923284572,0.0155949441442209,0.10557287779063673,1.0,1.0848348641910373,0.0
0.75,24,A1,0.036156916430509806,0.0236975009664668,0.12459415464043003,1.0,1.0266080986161612,0.0
0.75,25,A1,0.028685827417106402,0.016737726204300966,0.11948101212805431,1.0,1.0641169500547598,0.0
0.75,26,A1,0.041968554514229546,0.0278033778588153,0.14165176655414244,1.0,1.0062789075811074,0.0
0.75,27,A1,0.03529217642411197,0.02316666455341795,0.12125511870694018,1.0,1.0047604654488895,0.0
0.75,28,A1,0.035740099632586494,0.023885413285640717,0.11854686346945773,1.0,1.0103850682379538,0.0
0.75,29,A1,0.03526272056383438,0.023345336308461515,0.11917384255372866,1.0,0.9578987765801819,0.0003333333333333333
0.75,0,A2,0.04397388500596211,0.03695450450589478,0.07019380500067336,0.07404921481719426,1.1506452306995585,0.0
0.75,1,A2,0.040388955827146474,0.03370298260096215,0.06685973226184325,0.0781101026486514,1.1530812587401367,0.0
0.75,2,A2,0.03926039497170441,0.032739450923388785,0.06520944048315624,0.08346434699167403,1.1735249241306076,0.0
0.75,3,A2,0.044215805664433665,0.037531917645839116,0.06683888018594551,0.08398991664195508,1.1195106271091169,0.0
0.75,4,A2,0.049985752210527326,0.04294832989670853,0.07037422313818795,0.09384606842743283,1.2018345530422945,0.0
0.75,5,A2,0.03761118789282861,0.031174199669803514,0.06436988223025096,0.07307534713153356,1.1337713855161724,0.0
0.75,6,A2,0.027736704605929963,0.021991922595863515,0.05744782010066449,0.053028309296919686,1.1305602949506404,0.0
0.75,7,A2,0.03661326706193221,0.030495601518800118,0.06117665543132091,0.0582772730002622,1.0969591774280327,0.0
0.75,8,A2,0.027345354885246417,0.021299406765225525,0.06045948120020891,0.04401510148618384,1.1607611140035892,0.0
0.75,9,A2,0.05118261359377982,0.04415493693890845,0.0702767665487137,0.09501927153734412,1.179918402883033,0.0
0.75,10,A2,0.049754864590919,0.042787300879719076,0.06967563711199921,0.09377278124631218,1.188300907966414,0.0
0.75,11,A2,0.03981021506437677,0.03312738438844915,0.06682830675927617,0.06816657966958466,1.1168952023341616,0.0
0.75,12,A2,0.02700609539123336,0.02120180007935464,0.058042953118787204,0.040244383550799574,1.141117600705574,0.0
0.75,13,A2,0.050431677790305565,0.04343555880421435,0.06996118986091218,0.09783213765750308,1.1700338251925404,0.0
0.75,14,A2,0.05177636494658234,0.04436391144612635,0.07412453500455987,0.08423237384842247,1.1288446215708061,0.0
0.75,15,A2,0.05638785900006675,0.0491750068087398,0.0721285219132695,0.1081084425659017,1.176618396612378,0.0
0.75,16,A2,0.038994564240233905,0.032562422105226814,0.06432142135007092,0.0785686641774189,1.1390446554968634,0.0
0.75,17,A2,0.04706702027063817,0.04042842867079239,0.0663859159984578,0.09126392689129689,1.1080245061114933,0.0
0.75,18,A2,0.04983598837010826,0.04267012731791809,0.07165861052190174,0.08847599543022729,1.1358854744791507,0.0
0.75,19,A2,0.04154154090600405,0.03483027902016366,0.06711261885840386,0.07003379690145355,1.180393819463717,0.0
0.75,20,A2,0.054772920253211115,0.047811163931258976,0.06961756321952141,0.0980377766294384,1.1588045314255544,0.0
0.75,21,A2,0.040672262111987226,0.03409809577371624,0.06574166338270991,0.07272456936179826,1.2115230795757663,0.0
0.75,22,A2,0.039499747341622156,0.033370848032999056,0.061288993086231,0.07996945593501499,1.1661131416425876,0.0
0.75,23,A2,0.029577458451889645,0.023911768502996224,0.05665689948893421,0.06046562149959928,1.1374713602958575,0.0
0.75,24,A2,0.04284121433320602,0.03611384799657077,0.06727366336635253,0.07330946261548739,1.1473510455372669,0.0
0.75,25,A2,0.030320906206733424,0.024131950146436543,0.06188956060296882,0.057030852781051806,1.1308841600351915,0.0
0.75,26,A2,0.04887465781095147,0.04157394996502106,0.07300707845930403,0.08390905436559258,1.1407654229926805,0.0
0.75,27,A2,0.03686197617158457,0.030518879122423744,0.06343097049160824,0.07135731735777057,1.1476731422740876,0.0
0.75,28,A2,0.03775311035498456,0.03142025038217421,0.06332859972810348,0.06176455594783989,1.1213990918416024,0.0
0.75,29,A2,0.035643413349650536,0.029726524527376355,0.059168888222741786,0.0759823924692242,1.1189168420808508,0.0
0.75,0,A3,0.0422304148297181,0.032545407856658576,0.09685006973059525,0.6173622740568673,1.1633022625375684,0.0
0.75,1,A3,0.03797657606537868,0.02858458578290517,0.0939199028247351,0.6477318146810288,1.1336820120251825,0.0
0.75,2,A3,0.03765187103678092,0.02882245135075144,0.08829419686029479,0.6175595128990348,1.1976083964604698,0.0
0.75,3,A3,0.042654577008562976,0.033192443207369526,0.09462133801193448,0.6404641347150984,1.1180062409709017,0.0
0.75,4,A3,0.049676167574414926,0.04022385931945862,0.09452308254956307,0.6215316252158082,1.2226650419930103,0.0
0.75,5,A3,0.03540339862858055,0.026179302081810296,0.09224096546770254,0.6669076958756809,1.1296129901557912,0.0
0.75,6,A3,0.028287477910168328,0.019387762891777544,0.08899715018390784,0.7740667355633752,1.136213774503692,0.0
0.75,7,A3,0.03560960499292,0.02625939159985362,0.09350213393066377,0.7018788726301216,1.082134719944738,0.0
0.75,8,A3,0.026657100464891472,0.017468196100026194,0.09188904364865279,0.7206002869740441,1.1267831980849419,0.0
0.75,9,A3,0.04890550388187448,0.039669545446514985,0.09235958435359491,0.5849345473961337,1.1942390735355788,0.0
0.75,10,A3,0.047648153937949425,0.03860123549732496,0.09046918440624463,0.5788081904053246,1.206082133707751,0.0
0.75,11,A3,0.03758781897306852,0.027854585422635365,0.09733233550433149,0.687185411524896,1.0948822863480268,0.0
0.75,12,A3,0.027091334871295857,0.01820567217163356,0.08885662699662296,0.735494982402473,1.1235349376028638,0.0
0.75,13,A3,0.04791851267362526,0.03852699044447737,0.09391522229147896,0.6067155777296531,1.177366088411856,0.0
0.75,14,A3,0.04790369960712934,0.037616632958617745,0.10287066648511593,0.6086470415563152,1.1095980347879244,0.0
0.75,15,A3,0.05490605496682445,0.045544444570103045,0.09361610396721401,0.5654404623573195,1.1958630527921983,0.0
0.75,16,A3,0.037071133464103775,0.027725763174503423,0.09345370289600355,0.6237729855951099,1.1012069745329898,0.0
0.75,17,A3,0.045722312728054756,0.03664667723555471,0.09075635492500048,0.5879582135508066,1.1212475335475707,0.0
0.75,18,A3,0.04907472594172811,0.03901667192843367,0.1005805401329444,0.6239407394600406,1.1389205751632903,0.0
0.75,19,A3,0.04012626950053246,0.030823946934758588,0.09302322565773875,0.6209388542121693,1.177782942498037,0.0
0.75,20,A3,0.0527248050740558,0.04364361039744702,0.09081194676608788,0.5681616308147732,1.1564277960108578,0.0
0.75,21,A3,0.037788232909952355,0.02889521748839728,0.0889301542155508,0.6580381092804314,1.1919029440503324,0.0
0.75,22,A3,0.03910962204424989,0.030137157293951146,0.08972464750298745,0.6797387112570974,1.1688088201468059,0.0
0.75,23,A3,0.028993596522015455,0.020306074057492164,0.08687522464523292,0.7375874235553033,1.1584353992986383,0.0
0.75,24,A3,0.040622990431379166,0.03140639252079372,0.09216597910585449,0.632165974911845,1.1439231308219286,0.0
0.75,25,A3,0.029062573868608693,0.019515511543570792,0.09547062325037899,0.7174263078268791,1.1347018048434614,0.0
0.75,26,A3,0.04587551245963588,0.03594451735132107,0.09930995108314809,0.5716835063870139,1.1284464221593307,0.0
0.75,27,A3,0.035885059150206566,0.026944142047705167,0.08940917102501397,0.6770572898779447,1.1501832917985289,0.0
0.75,28,A3,0.036777896523311274,0.027234061901180426,0.09543834622130846,0.7480614327880641,1.1132909960707293,0.0
0.75,29,A3,0.03539244883520501,0.026642524265282182,0.08749924569922826,0.7145146012150205,1.1165578766601403,0.0
1.0,0,R,0.04483244296530671,0.03798422115610971,0.06848221809197004,nan,nan,nan
1.0,1,R,0.041145828975504506,0.034634011473765124,0.06511817501739382,nan,nan,nan
1.0,2,R,0.03986176818591134,0.033490226715996954,0.06371541469914387,nan,nan,nan
1.0,3,R,0.04495909504809696,0.038462952016899435,0.0649614303119753,nan,nan,nan
1.0,4,R,0.05042596460707471,0.04364988172357114,0.06776082883503563,nan,nan,nan
1.0,5,R,0.03812105870022789,0.03182442481522021,0.06296633885007683,nan,nan,nan
1.0,6,R,0.027869493728371254,0.022249117766953735,0.05620375961417519,nan,nan,nan
1.0,7,R,0.037164715536556585,0.031203520822968903,0.05961194713587678,nan,nan,nan
1.0,8,R,0.027577437490985415,0.021590289360321337,0.059871481306640766,nan,nan,nan
1.0,9,R,0.05260628970114343,0.04580240684958923,0.06803882851554198,nan,nan,nan
1.0,10,R,0.05067620214350274,0.04389321438924065,0.0678298775426209,nan,nan,nan
1.0,11,R,0.04027127474881056,0.033777125630780974,0.06494149118029581,nan,nan,nan
1.0,12,R,0.027399494615225697,0.0216830124924901,0.057164821227355986,nan,nan,nan
1.0,13,R,0.05099587425415718,0.04429101526199222,0.06704858992164953,nan,nan,nan
1.0,14,R,0.052816308102548455,0.04562121411189365,0.07195093990654809,nan,nan,nan
1.0,15,R,0.05707777344859655,0.05015830002349357,0.06919473425102977,nan,nan,nan
1.0,16,R,0.03961635221512756,0.03339179746509815,0.06224554750029415,nan,nan,nan
1.0,17,R,0.0475937136367703,0.04118537334776854,0.0640834028900176,nan,nan,nan
1.0,18,R,0.05040803612579068,0.04346635497850177,0.06941681147288908,nan,nan,nan
1.0,19,R,0.04232884562591614,0.035782909561117265,0.0654593606479888,nan,nan,nan
1.0,20,R,0.05551970095641656,0.04878146359376114,0.06738237362655423,nan,nan,nan
1.0,21,R,0.04113496791265125,0.034680287046359656,0.0645468086629159,nan,nan,nan
1.0,22,R,0.03986422594078809,0.033927718851900365,0.05936507088887725,nan,nan,nan
1.0,23,R,0.030004476349638272,0.02445776719614839,0.0554670915348988,nan,nan,nan
1.0,24,R,0.04347500193405997,0.03692185892306394,0.0655314301099603,nan,nan,nan
1.0,25,R,0.030648934146713994,0.024585431310553883,0.060635028361601125,nan,nan,nan
1.0,26,R,0.049951398895436844,0.04289662484660021,0.07054774048836633,nan,nan,nan
1.0,27,R,0.03743291928801874,0.031239820146229745,0.06193099141788994,nan,nan,nan
1.0,28,R,0.03818412153308033,0.03204797104456787,0.06136150488512458,nan,nan,nan
1.0,29,R,0.03622503052973854,0.03049073009154404,0.057343004381945034,nan,nan,nan
1.0,0,A1,0.04404170439093058,0.027697950575092695,0.1634375381583789,1.0,1.0568760333374592,0.0
1.0,1,A1,0.03684034832638434,0.020712088595043327,0.1612825973134101,1.0,0.9742278054224706,0.0
1.0,2,A1,0.03827769266543747,0.021740375666527558,0.1653731699890991,1.0,0.9984751924207279,0.0
1.0,3,A1,0.04297624396518907,0.027566953083416158,0.1540929088177291,1.0,0.9961486063255811,0.0
1.0,4,A1,0.04933371237281682,0.03363482549819629,0.15698886874620532,1.0,1.0548622948298438,0.0
1.0,5,A1,0.03565858922630259,0.02072803659498561,0.14930552631316976,1.0,1.0302808229061986,0.0
1.0,6,A1,0.030981435430665838,0.017174605847141342,0.13806829583524496,1.0,1.0474666612609995,0.0
1.0,7,A1,0.03872346261091539,0.024125579538265263,0.14597883072650125,1.0,1.0250456810883084,0.0
1.0,8,A1,0.0288178351079498,0.015194935733481732,0.13622899374468067,1.0,1.0944708616651406,0.0
1.0,9,A1,0.044494717270971276,0.02794170729919693,0.1655300997177434,1.0,1.0091392448011083,0.0
1.0,10,A1,0.04953111527596635,0.033675491424791947,0.15855623851174402,1.0,1.0197621586852892,0.0
1.0,11,A1,0.03873269276704277,0.02373184759052206,0.15000845176520708,1.0,1.0480098811828256,0.0
1.0,12,A1,0.02856558438670672,0.01401187325934624,0.1455371112736048,1.0,1.0158481363378713,0.0
1.0,13,A1,0.046710389256439666,0.030603298682458445,0.16107090573981223,1.0,1.0006118982778611,0.0
1.0,14,A1,0.044971250224910345,0.02799513613226215,0.1697611409264819,1.0,1.0013286906415746,0.0
1.0,15,A1,0.05643195668022977,0.04123297917020952,0.1519897751002024,1.0,1.0967404716507458,0.0
1.0,16,A1,0.03908200394209681,0.02369130327755361,0.15390700664543194,1.0,1.0288997915439961,0.0
1.0,17,A1,0.045623090261409135,0.029547365790100928,0.16075724471308206,1.0,0.9555099682112267,0.0
1.0,18,A1,0.04591615855602145,0.030018986376031048,0.15897172179990401,1.0,0.9977083479879043,0.0
1.0,19,A1,0.04120803029698154,0.02683270112546344,0.143753291715181,1.0,1.1427725211742386,0.0
1.0,20,A1,0.050748552214537036,0.0342832185560814,0.16465333658455636,1.0,0.9760929531561123,0.0
1.0,21,A1,0.03917887736356809,0.024756129897578378,0.1442274746598971,1.0,1.11272992813218,0.0
1.0,22,A1,0.03936282900042705,0.02546854885709924,0.13894280143327808,1.0,1.063417605476976,0.0
1.0,23,A1,0.028481340295201413,0.01471790271289443,0.13763437582306984,1.0,1.0455809183663003,0.0
1.0,24,A1,0.04022446718759348,0.025198647117482688,0.15025820070110793,1.0,1.0332911526750854,0.0
1.0,25,A1,0.03048234026957984,0.015877127149750193,0.1460521311982965,1.0,1.0366313622551335,0.0
1.0,26,A1,0.04463943961121782,0.027629752720427368,0.17009686890790457,1.0,0.9884240398308135,0.0
1.0,27,A1,0.03815552540424537,0.02274848664858435,0.1540703875566102,1.0,1.0058598612233254,0.0
1.0,28,A1,0.03849047306035598,0.024450624852318005,0.14039848208037975,1.0,1.0500339713737283,0.0
1.0,29,A1,0.03697365009871161,0.02289626337113775,0.14077386727573862,1.0,1.0291909640546286,0.0
1.0,0,A2,0.04431456535975765,0.037322779270274296,0.06991786089483353,0.05187061361203349,1.1568997729603812,0.0
1.0,1,A2,0.040594050506320964,0.03394754476817405,0.06646505738146916,0.05339334531169725,1.1342348384767087,0.0
1.0,2,A2,0.03945098448638891,0.03295436805841863,0.06496616427970277,0.05287221776880043,1.1740185166765111,0.0
1.0,3,A2,0.04443450486121963,0.03771900334890851,0.06715501512311121,0.06352797162488703,1.115900380096261,0.0
1.0,4,A2,0.05003913683225428,0.0430119356348186,0.07027201197435673,0.06767259928306588,1.1929377364621692,0.0
1.0,5,A2,0.03766816432472385,0.031139415107500908,0.06528749217222944,0.06124880539827002,1.1416694949008774,0.0
1.0,6,A2,0.027795976718276213,0.022079180760519616,0.05716795957756597,0.03437465435022918,1.1345604296202063,0.0
1.0,7,A2,0.03677550906578437,0.030595177571934317,0.06180331493850051,0.044966322990044785,1.106798437062381,0.0
1.0,8,A2,0.027411756221554975,0.021392275827283848,0.06019480394271126,0.028263692478643854,1.1371584825584387,0.0
1.0,9,A2,0.05151568741208432,0.04444968738039455,0.0706600003168977,0.07866306931968392,1.1940268345672491,0.0
1.0,10,A2,0.04997354794480526,0.042938389733324374,0.07035158211480888,0.0811793097590754,1.163571384861764,0.0
1.0,11,A2,0.0401314282615516,0.033424494362213876,0.06706933899337722,0.057698483003398686,1.126307877468044,0.0
1.0,12,A2,0.027074661674132704,0.021255312271650506,0.05819349402482199,0.0326432538957045,1.1222975716303873,0.0
1.0,13,A2,0.050504479127178925,0.043492418303679135,0.0701206082349979,0.08011754486468221,1.1627625229646872,0.0
1.0,14,A2,0.0519565471224182,0.04453615549608178,0.07420391626336421,0.0664600114548214,1.1394115356499857,0.0
1.0,15,A2,0.05662079303995679,0.04949108376944822,0.07129709270508572,0.0832425460645328,1.1834185461242528,0.0
1.0,16,A2,0.03919375868895052,0.03278893370732101,0.06404824981629509,0.05505943698687447,1.1490476836939139,0.0
1.0,17,A2,0.04728932767844768,0.0406157117860929,0.06673615892354783,0.08021938769093372,1.1207756760016319,0.0
1.0,18,A2,0.049868903754116005,0.04274651700849059,0.07122386745625416,0.06783787034800755,1.143352896888715,0.0
1.0,19,A2,0.04189209795239271,0.03523958966874957,0.06652508283643135,0.047955172153934286,1.1991409999616451,0.0
1.0,20,A2,0.05489065310414588,0.047903719589367864,0.06986933514778013,0.08162765503590663,1.1588914490641065,0.0
1.0,21,A2,0.04079155512879155,0.03421364976325878,0.06577905365532767,0.05692032994259923,1.2279747598851751,0.0
1.0,22,A2,0.03945986798311264,0.033362556690958924,0.06097311292153721,0.06490186062967425,1.1690721201422256,0.0
1.0,23,A2,0.02972811272613955,0.02406516253821368,0.05662950187925869,0.047904834844388976,1.1367319188112113,0.0
1.0,24,A2,0.043107825845429965,0.03626496748561083,0.06842858359819132,0.06621982405171861,1.1331256232685156,0.0
1.0,25,A2,0.030339869225713308,0.024148766894951147,0.06191102330762159,0.04114276182981884,1.149458774876468,0.0
1.0,26,A2,0.049001581018470755,0.04169875955979774,0.07302821458673021,0.06103194048427782,1.1379376883633272,0.0
1.0,27,A2,0.037056397152246706,0.030684961809977856,0.06371435342268848,0.055076736928370236,1.146860468668026,0.0
1.0,28,A2,0.03784325692772898,0.031517317672014114,0.06325939255714866,0.050221868127635745,1.1140348259342094,0.0
1.0,29,A2,0.0354916918888569,0.029576640277133377,0.05915051611723519,0.05490438350216464,1.1296063701265382,0.0
1.0,0,A3,0.043884449661380553,0.03435267660923938,0.09531773052141176,0.41690402194573395,1.152090682754018,0.0
1.0,1,A3,0.0401550088844866,0.030995484531342293,0.0915952435314431,0.4249314441151192,1.1265522326066097,0.0
1.0,2,A3,0.038583287764765384,0.029543156040591986,0.09040131724173402,0.41384269705800014,1.1593928919946215,0.0
1.0,3,A3,0.04373924932095933,0.03458336274562628,0.09155886575333046,0.4504764622517042,1.1022888644303828,0.0
1.0,4,A3,0.0504598851176015,0.041204299742654445,0.09255585374947058,0.4238685215292573,1.203723026489155,0.0
1.0,5,A3,0.03663064228440914,0.027621995282473583,0.09008647001935556,0.44926037493959914,1.1446158436741527,0.0
1.0,6,A3,0.028949251667490107,0.020266922216348036,0.0868232945114207,0.5103113539202777,1.143682408411567,0.0
1.0,7,A3,0.03679775705733863,0.027917657377689403,0.08880099679649225,0.46318890862560796,1.0978641431824412,0.0
1.0,8,A3,0.02786077203203648,0.019161510660518778,0.08699261371517701,0.4861942388020099,1.1524772222389672,0.0
1.0,9,A3,0.05002874032376996,0.04083934339354549,0.0918939693022447,0.3915775952289392,1.179432994117512,0.0
1.0,10,A3,0.04945835081525432,0.040197432275490406,0.09260918539763911,0.41096822994140936,1.1733079431318845,0.0
1.0,11,A3,0.03995182675717801,0.030525150106937165,0.09426676650240844,0.46445438320763216,1.1162481963865862,0.0
1.0,12,A3,0.02807281649179761,0.019111485304840137,0.0896133118695747,0.49621357169472485,1.1003530866132234,0.0
1.0,13,A3,0.049405908587641954,0.04006737919282923,0.09338529394812724,0.41859200728633983,1.1575728129749245,0.0
1.0,14,A3,0.04981818057342061,0.0398843818077344,0.09933798765686215,0.4298861442288654,1.1421687367397837,0.0
1.0,15,A3,0.05644958810813537,0.04727264185503749,0.09176946253097884,0.40566993218818853,1.206756523058238,0.0
1.0,16,A3,0.03884971863962538,0.02982569136160091,0.0902402727802447,0.4334876384930091,1.1296355000852636,0.0
1.0,17,A3,0.046840805346286624,0.03791006772639606,0.08930737619890561,0.4014587998850736,1.1171206803152778,0.0
1.0,18,A3,0.04925460552196116,0.039891148898933415,0.09363456623027744,0.42322998103376197,1.141034548708408,0.0
1.0,19,A3,0.041988112583955836,0.03281972653525758,0.09168386048698257,0.4621351907124997,1.2146299957782216,0.0
1.0,20,A3,0.05406766823196003,0.04504848922518971,0.09019179006770313,0.40045364609029493,1.1685788355573858,0.0
1.0,21,A3,0.0398694450642039,0.03105160516269883,0.08817839901505073,0.4419484507565339,1.2208739963634274,0.0
1.0,22,A3,0.03943259772094796,0.030822727419750146,0.08609870301197813,0.4698999577987592,1.1674957476985552,0.0
1.0,23,A3,0.02967746088383117,0.02110994558785269,0.08567515295978481,0.5011078316804426,1.1309384830584026,0.0
1.0,24,A3,0.04238824998371907,0.03311307975339336,0.09275170230325709,0.4528338515179483,1.1396981447779317,0.0
1.0,25,A3,0.029933640130590206,0.020736367302145037,0.09197272828445169,0.4908029875876221,1.1240453439946505,0.0
1.0,26,A3,0.04714558320544613,0.03723974024839689,0.0990584295704924,0.42027111831015,1.1257305258990116,0.0
1.0,27,A3,0.036993650663840597,0.028048997251128728,0.08944653412711864,0.44064105164757994,1.1375035307553774,0.0
1.0,28,A3,0.03831490608000603,0.029321580725307526,0.08993325354698507,0.4956683293828926,1.116227511868573,0.0
1.0,29,A3,0.03607257561687294,0.027346440601948744,0.08726135014924193,0.4954807934500538,1.1340304649073036,0.0
1.5,0,R,0.04483244296530671,0.03798422115610971,0.06848221809197004,nan,nan,nan
1.5,1,R,0.041145828975504506,0.034634011473765124,0.06511817501739382,nan,nan,nan
1.5,2,R,0.03986176818591134,0.033490226715996954,0.06371541469914387,nan,nan,nan
1.5,3,R,0.04495909504809696,0.038462952016899435,0.0649614303119753,nan,nan,nan
1.5,4,R,0.05042596460707471,0.04364988172357114,0.06776082883503563,nan,nan,nan
1.5,5,R,0.03812105870022789,0.03182442481522021,0.06296633885007683,nan,nan,nan
1.5,6,R,0.027869493728371254,0.022249117766953735,0.05620375961417519,nan,nan,nan
1.5,7,R,0.037164715536556585,0.031203520822968903,0.05961194713587678,nan,nan,nan
1.5,8,R,0.027577437490985415,0.021590289360321337,0.059871481306640766,nan,nan,nan
1.5,9,R,0.05260628970114343,0.04580240684958923,0.06803882851554198,nan,nan,nan
1.5,10,R,0.05067620214350274,0.04389321438924065,0.0678298775426209,nan,nan,nan
1.5,11,R,0.04027127474881056,0.033777125630780974,0.06494149118029581,nan,nan,nan
1.5,12,R,0.027399494615225697,0.0216830124924901,0.057164821227355986,nan,nan,nan
1.5,13,R,0.05099587425415718,0.04429101526199222,0.06704858992164953,nan,nan,nan
1.5,14,R,0.052816308102548455,0.04562121411189365,0.07195093990654809,nan,nan,nan
1.5,15,R,0.05707777344859655,0.05015830002349357,0.06919473425102977,nan,nan,nan
1.5,16,R,0.03961635221512756,0.03339179746509815,0.06224554750029415,nan,nan,nan
1.5,17,R,0.0475937136367703,0.04118537334776854,0.0640834028900176,nan,nan,nan
1.5,18,R,0.05040803612579068,0.04346635497850177,0.06941681147288908,nan,nan,nan
1.5,19,R,0.04232884562591614,0.035782909561117265,0.0654593606479888,nan,nan,nan
1.5,20,R,0.05551970095641656,0.04878146359376114,0.06738237362655423,nan,nan,nan
1.5,21,R,0.04113496791265125,0.034680287046359656,0.0645468086629159,nan,nan,nan
1.5,22,R,0.03986422594078809,0.033927718851900365,0.05936507088887725,nan,nan,nan
1.5,23,R,0.030004476349638272,0.02445776719614839,0.0554670915348988,nan,nan,nan
1.5,24,R,0.04347500193405997,0.03692185892306394,0.0655314301099603,nan,nan,nan
1.5,25,R,0.030648934146713994,0.024585431310553883,0.060635028361601125,nan,nan,nan
1.5,26,R,0.049951398895436844,0.04289662484660021,0.07054774048836633,nan,nan,nan
1.5,27,R,0.03743291928801874,0.031239820146229745,0.06193099141788994,nan,nan,nan
1.5,28,R,0.03818412153308033,0.03204797104456787,0.06136150488512458,nan,nan,nan
1.5,29,R,0.03622503052973854,0.03049073009154404,0.057343004381945034,nan,nan,nan
1.5,0,A1,0.052207020630102824,0.03007671573679621,0.22130304893306613,1.0,1.0554420970274612,0.0
1.5,1,A1,0.0446320787417471,0.023527336452095163,0.21104742289651943,1.0,1.0142316527462767,0.0
1.5,2,A1,0.04668670278848795,0.025245312219061934,0.21441390569426017,1.0,1.0440930948143687,0.0
1.5,3,A1,0.04907176908615923,0.026907733903291334,0.2216403518286789,1.0,0.9842745883838474,0.0
1.5,4,A1,0.056458557252717326,0.034944402962754875,0.21514154289962453,1.0,1.0632049538866584,0.0
1.5,5,A1,0.04416876121073861,0.023300373204870033,0.20868388005868574,1.0,0.9890784654966415,0.0
1.5,6,A1,0.03744375512022434,0.017609282595339747,0.19834472524884594,1.0,1.021202338413921,0.0
1.5,7,A1,0.04552747882423386,0.02547742124656584,0.20050057577668012,1.0,1.0449334031259592,0.0
1.5,8,A1,0.0342443866916137,0.014949352223204006,0.19295034468409686,1.0,1.048611591799531,0.0
1.5,9,A1,0.054778214389034824,0.03348139954975336,0.21296814839281458,1.0,1.0737749036681847,0.0
1.5,10,A1,0.05359411220189214,0.03370002975684542,0.19894082445046718,1.0,1.071424593307198,0.0
1.5,11,A1,0.04443916709422348,0.022870541626514338,0.21568625467709138,1.0,1.0100215453771675,0.0
1.5,12,A1,0.03483210941058697,0.01556866049442126,0.19263448916165707,1.0,1.0564431059426607,0.0
1.5,13,A1,0.05460948552193925,0.03283872226744058,0.21770763254498668,1.0,1.0121614077653254,0.0
1.5,14,A1,0.05147355020841019,0.02951908080707189,0.219544694013383,1.0,1.0337375387022218,0.0
1.5,15,A1,0.06152081100931463,0.039884258103658456,0.21636552905656173,1.0,1.0176001015589302,0.0
1.5,16,A1,0.0469354233057723,0.025119390486192453,0.2181603281957985,1.0,1.0498626620778857,0.0
1.5,17,A1,0.0555845304919967,0.03450595216153852,0.21078578330458178,1.0,1.022159732431242,0.0
1.5,18,A1,0.05474262774404365,0.03265798173582904,0.2208464600821461,1.0,1.0133097079329285,0.0
1.5,19,A1,0.04603695464587712,0.025488962413850826,0.205479922320263,1.0,1.0544909161176181,0.0
1.5,20,A1,0.05771476714800178,0.036487935001936304,0.21226832146065477,1.0,1.010101770911268,0.0
1.5,21,A1,0.0437715509309531,0.023170954532880362,0.2060059639807274,1.0,1.0202840759887206,0.0
1.5,22,A1,0.04666026086805544,0.025814384403575787,0.2084587646447965,1.0,1.0262405155426075,0.0
1.5,23,A1,0.03424005130515102,0.015061986907479383,0.19178064397671635,1.0,1.0518988338551347,0.0
1.5,24,A1,0.04600119684738155,0.024714073059361793,0.21287123788019752,1.0,1.0126515906984976,0.0
1.5,25,A1,0.03585255196338609,0.01622038387848095,0.19632168084905133,1.0,1.0349289677288172,0.0
1.5,26,A1,0.05210398420159695,0.02929463132869872,0.22809352872898234,1.0,0.998616637730351,0.0
1.5,27,A1,0.04648912314787938,0.026127723527315662,0.2036139962056372,1.0,1.0741807793010159,0.0
1.5,28,A1,0.04542489022441422,0.02552308615857157,0.19901804065842651,1.0,1.0427114968385667,0.0
1.5,29,A1,0.04358056734841122,0.024534089804830087,0.1904647754358113,1.0,1.027442470912755,0.0
1.5,0,A2,0.04462073425607422,0.03768867877321639,0.06932055482857832,0.025590789670995134,1.1555439349146377,0.0
1.5,1,A2,0.0407658229123631,0.0340990032516192,0.06666819660743904,0.03625889638778955,1.1587277790932813,0.0
1.5,2,A2,0.03966082569793205,0.033138767901241394,0.06522057796690658,0.03440473971457639,1.167301007815895,0.0
1.5,3,A2,0.04464946892504658,0.03798364158818493,0.0666582733686165,0.03541394770124559,1.122509793292154,0.0
1.5,4,A2,0.05031915203772786,0.04332299720846182,0.06996154829266044,0.04692000957027299,1.205585486425563,0.0
1.5,5,A2,0.03757909869110177,0.03111241009755222,0.06466688593549554,0.03273970382441419,1.1279611580907423,0.0
1.5,6,A2,0.027818141806260913,0.02205382081770735,0.05764320988553561,0.02798818559861224,1.139720858096078,0.0
1.5,7,A2,0.036849340461005374,0.030728869782383303,0.06120470678622074,0.02785561139842241,1.1096824967024042,0.0
1.5,8,A2,0.02748874398110794,0.021421851187722583,0.060668927933853575,0.024442025962108493,1.1542883188197772,0.0
1.5,9,A2,0.05195507208011941,0.04496116788139473,0.0699390419872468,0.03471325422249954,1.1790048991115873,0.0
1.5,10,A2,0.05039515734757339,0.04339138522024275,0.07003772127330636,0.052379528131570124,1.177953587205004,0.0
1.5,11,A2,0.040075296886910874,0.03337143143472447,0.06703865452186401,0.03580141910249248,1.12303393672351,0.0
1.5,12,A2,0.027260297061042695,0.02149038877938895,0.05769908281653746,0.01871212922821738,1.1600847921786879,0.0
1.5,13,A2,0.05067179693869735,0.04375313089978918,0.06918666038908163,0.04673703215745437,1.1715635243673665,0.0
1.5,14,A2,0.05228816695435151,0.04491206383948303,0.07376103114868485,0.04092990122237359,1.1405963857617312,0.0
1.5,15,A2,0.056727835537746414,0.049604634613725426,0.07123200924020989,0.04584974510923181,1.177139886963636,0.0
1.5,16,A2,0.03945549571430606,0.03306589312111271,0.06389602593193348,0.02885362270060339,1.1588634553594166,0.0
1.5,17,A2,0.04739511741091364,0.040827596897514064,0.06567520513399573,0.047564642559981454,1.134503453650041,0.0
1.5,18,A2,0.050053187224931975,0.042850082987486084,0.07203104237445888,0.04470868889547151,1.138302921941188,0.0
1.5,19,A2,0.04207222734874833,0.03543568609344887,0.06636541255299462,0.02642305495474086,1.169295432565475,0.0
1.5,20,A2,0.05512680694525367,0.04819609639027863,0.06930710554975038,0.04985844962167156,1.1684484566365925,0.0
1.5,21,A2,0.04099258223385766,0.03444294223949597,0.06549639994361692,0.029683597342435714,1.1939553555808227,0.0
1.5,22,A2,0.03967093213049329,0.03352474491916309,0.06146187211330198,0.03461632282259452,1.1485910593785402,0.0
1.5,23,A2,0.029865353068911176,0.024207656621447096,0.05657696447464079,0.025592749256639995,1.143906639009692,0.0
1.5,24,A2,0.043124220725573544,0.0364164735981073,0.06707747127466243,0.03226907501683003,1.13975479707863,0.0
1.5,25,A2,0.030473003372320527,0.02430203771823457,0.06170965654085956,0.027379553020883917,1.1627614144502625,0.0
1.5,26,A2,0.04956450242890789,0.042328931208282926,0.07235571220624969,0.037365551014937555,1.1453775387343392,0.0
1.5,27,A2,0.037251081061522265,0.030911989394875213,0.0633909166664705,0.032957583895167966,1.157030344900119,0.0
1.5,28,A2,0.037918615842026854,0.03163478224861588,0.06283833593410974,0.025781404791617217,1.1222899426678736,0.0
1.5,29,A2,0.036009471555216846,0.03011454840206031,0.05894923153156535,0.030457260923030388,1.1273865048768548,0.0
1.5,0,A3,0.04519260239048115,0.03614818602884718,0.09044416361633972,0.23528490990274747,1.1479303226090978,0.0
1.5,1,A3,0.04085411569250458,0.03223053280259363,0.0862358288991095,0.24162994621788167,1.1384755560779638,0.0
1.5,2,A3,0.04025259494340779,0.031737095613045,0.08515499330362797,0.22889544736667788,1.1455371997118309,0.0
1.5,3,A3,0.04471065295788378,0.03609661054354619,0.08614042414337593,0.2305950005868187,1.094675617528772,0.0
1.5,4,A3,0.05118412401539531,0.04239463308895803,0.08789490926437274,0.23165190247982517,1.1929573825379816,0.0
1.5,5,A3,0.037255466880191206,0.028709713871705723,0.08545753008485481,0.24791355180695018,1.0897210270101183,0.0
1.5,6,A3,0.029113943752857724,0.021222252935280236,0.07891690817577486,0.25141045191853006,1.0983402009951926,0.0
1.5,7,A3,0.03771734541346704,0.0293548104528875,0.08362534960579533,0.25347596388705906,1.1041389026379098,0.0
1.5,8,A3,0.02822977636245101,0.020043438514182645,0.08186337848268364,0.26421285451698173,1.1367214028489074,0.0
1.5,9,A3,0.05185325856892671,0.04309849517609808,0.0875476339282863,0.22338363445980255,1.1919087474355434,0.0
1.5,10,A3,0.05020383597308027,0.04156327961815231,0.0864055635492796,0.24063692994480781,1.1984790002220358,0.0
1.5,11,A3,0.040356485282365566,0.031420231130956267,0.089362541514093,0.2452153574664184,1.092645890006685,0.0
1.5,12,A3,0.02791003813824592,0.0201206107870757,0.07789427351170221,0.25367753107525987,1.1446211439054677,0.0
1.5,13,A3,0.049986962583203634,0.04136946039488445,0.08617502188319187,0.22515895624917676,1.1568420664285766,0.0
1.5,14,A3,0.05188513165801915,0.042603315716059444,0.09281815941959702,0.23458433664472225,1.1330077838955448,0.0
1.5,15,A3,0.05673838928795982,0.0479922061841793,0.0874618310378052,0.21652118058644773,1.1691965197392857,0.0
1.5,16,A3,0.03998444920781332,0.03151000452265975,0.08474444685153568,0.2322066406664895,1.154936992880618,0.0
1.5,17,A3,0.047650579208361715,0.03948635213705528,0.0816422707130644,0.21892503994124907,1.1302440074841662,0.0
1.5,18,A3,0.050291818381936186,0.040997536245963466,0.09294282135972717,0.2406705613529718,1.117515746068785,0.0
1.5,19,A3,0.04216021159926275,0.033659228350940706,0.0850098324832204,0.23911219490747276,1.1606232525830065,0.0
1.5,20,A3,0.055386139822259026,0.046884318032223045,0.08501821790035981,0.2217917850012323,1.1567321144876432,0.0
1.5,21,A3,0.04069355419510748,0.032315392735690424,0.08378161459417055,0.23989207116796413,1.1634605765310688,0.0
1.5,22,A3,0.04016455996840905,0.03207986015399871,0.08084699814410336,0.23647006030925544,1.1430270889476584,0.0
1.5,23,A3,0.030503471042925383,0.02261489555823834,0.07888575484687041,0.2535559544638373,1.1313795877278168,0.0
1.5,24,A3,0.04348400904426113,0.03471510577878249,0.0876890326547863,0.23727427280784175,1.120900794265909,0.0
1.5,25,A3,0.03050002964949504,0.02235520453748622,0.08144825112008822,0.2511072723668482,1.126242320846998,0.0
1.5,26,A3,0.048934883121444075,0.03980444760921828,0.09130435512225796,0.22132488319005497,1.1334741128636527,0.0
1.5,27,A3,0.03803754410959739,0.02980818699440888,0.08229357115188511,0.2353658671967137,1.185714994948215,0.0
1.5,28,A3,0.03899303126647195,0.030640567640637176,0.08352463625834777,0.25996221285191173,1.1235941084091785,0.0
1.5,29,A3,0.036699117045971764,0.028795642674568484,0.07903474371403281,0.2510532439333772,1.1169356145227602,0.0
2.0,0,R,0.04483244296530671,0.03798422115610971,0.06848221809197004,nan,nan,nan
2.0,1,R,0.041145828975504506,0.034634011473765124,0.06511817501739382,nan,nan,nan
2.0,2,R,0.03986176818591134,0.033490226715996954,0.06371541469914387,nan,nan,nan
2.0,3,R,0.04495909504809696,0.038462952016899435,0.0649614303119753,nan,nan,nan
2.0,4,R,0.05042596460707471,0.04364988172357114,0.06776082883503563,nan,nan,nan
2.0,5,R,0.03812105870022789,0.03182442481522021,0.06296633885007683,nan,nan,nan
2.0,6,R,0.027869493728371254,0.022249117766953735,0.05620375961417519,nan,nan,nan
2.0,7,R,0.037164715536556585,0.031203520822968903,0.05961194713587678,nan,nan,nan
2.0,8,R,0.027577437490985415,0.021590289360321337,0.059871481306640766,nan,nan,nan
2.0,9,R,0.05260628970114343,0.04580240684958923,0.06803882851554198,nan,nan,nan
2.0,10,R,0.05067620214350274,0.04389321438924065,0.0678298775426209,nan,nan,nan
2.0,11,R,0.04027127474881056,0.033777125630780974,0.06494149118029581,nan,nan,nan
2.0,12,R,0.027399494615225697,0.0216830124924901,0.057164821227355986,nan,nan,nan
2.0,13,R,0.05099587425415718,0.04429101526199222,0.06704858992164953,nan,nan,nan
2.0,14,R,0.052816308102548455,0.04562121411189365,0.07195093990654809,nan,nan,nan
2.0,15,R,0.05707777344859655,0.05015830002349357,0.06919473425102977,nan,nan,nan
2.0,16,R,0.03961635221512756,0.03339179746509815,0.06224554750029415,nan,nan,nan
2.0,17,R,0.0475937136367703,0.04118537334776854,0.0640834028900176,nan,nan,nan
2.0,18,R,0.05040803612579068,0.04346635497850177,0.06941681147288908,nan,nan,nan
2.0,19,R,0.04232884562591614,0.035782909561117265,0.0654593606479888,nan,nan,nan
2.0,20,R,0.05551970095641656,0.04878146359376114,0.06738237362655423,nan,nan,nan
2.0,21,R,0.04113496791265125,0.034680287046359656,0.0645468086629159,nan,nan,nan
2.0,22,R,0.03986422594078809,0.033927718851900365,0.05936507088887725,nan,nan,nan
2.0,23,R,0.030004476349638272,0.02445776719614839,0.0554670915348988,nan,nan,nan
2.0,24,R,0.04347500193405997,0.03692185892306394,0.0655314301099603,nan,nan,nan
2.0,25,R,0.030648934146713994,0.024585431310553883,0.060635028361601125,nan,nan,nan
2.0,26,R,0.049951398895436844,0.04289662484660021,0.07054774048836633,nan,nan,nan
2.0,27,R,0.03743291928801874,0.031239820146229745,0.06193099141788994,nan,nan,nan
2.0,28,R,0.03818412153308033,0.03204797104456787,0.06136150488512458,nan,nan,nan
2.0,29,R,0.03622503052973854,0.03049073009154404,0.057343004381945034,nan,nan,nan
2.0,0,A1,0.06038608313418432,0.033381359924566034,0.2700472320961828,1.0,1.0516467923475903,0.0
2.0,1,A1,0.05288503437609644,0.026941621886501364,0.25943412489595075,1.0,1.0543500906707919,0.0
2.0,2,A1,0.0501125318459338,0.02454873075165103,0.2556380109428276,1.0,1.0406693723956006,0.0
2.0,3,A1,0.060010739738876315,0.03308420398589383,0.26926535752982483,1.0,1.0266020609282893,0.0
2.0,4,A1,0.06309017728041699,0.035147885182340674,0.2794229209807631,1.0,1.009396954233985,0.0
2.0,5,A1,0.048935305402784825,0.024212392292279488,0.24722913110505335,1.0,1.0216364302017353,0.0
2.0,6,A1,0.04387624060845674,0.019656830559953195,0.2421941004850355,1.0,1.0626448335085492,0.0
2.0,7,A1,0.05262427655561048,0.027919351515825603,0.24704925039784875,1.0,1.0306732708496542,0.0
2.0,8,A1,0.042221194739569284,0.01716257877268917,0.25058615966880116,1.0,1.0679571659795861,0.0
2.0,9,A1,0.06396062935790628,0.03691304030155367,0.27047589056352606,1.0,1.0127329698082492,0.0
2.0,10,A1,0.06410768578562107,0.03642886649648104,0.27678819289140016,1.0,0.9962852323718988,0.0
2.0,11,A1,0.05108735080310797,0.026280280763201703,0.2480707003990627,1.0,1.0467822746922357,0.0
2.0,12,A1,0.04237623932862816,0.016953693781432466,0.25422545547195696,1.0,1.0251928958891199,0.0
2.0,13,A1,0.06077173798620257,0.03343726538647102,0.2733447259973154,1.0,0.9964895254973327,0.0
2.0,14,A1,0.06255077213775785,0.03565196990019268,0.2689880223756517,1.0,1.0638669265306986,0.0
2.0,15,A1,0.07023630304303699,0.04296960184528206,0.2726670119775492,1.0,1.0220584261500796,0.0
2.0,16,A1,0.05188556719328963,0.025281036235886085,0.26604530957403544,1.0,1.0273420207122395,0.0
2.0,17,A1,0.061917693603944945,0.03620416336608978,0.25713530237855164,1.0,1.042062063057557,0.0
2.0,18,A1,0.0607178657789039,0.03454318353477848,0.26174682244125425,1.0,1.0529734224258582,0.0
2.0,19,A1,0.054270606800525444,0.028727402242666567,0.2554320455785888,1.0,1.0365897142018248,0.0
2.0,20,A1,0.07078318908663198,0.043749154980460996,0.2703403410617098,1.0,0.9905664322433798,0.0
2.0,21,A1,0.050610276693264136,0.02436367384059715,0.26246602852666984,1.0,1.0208913340400088,0.0
2.0,22,A1,0.05255280242103236,0.027838498049085395,0.24714304371946963,1.0,1.0477781593773778,0.0
2.0,23,A1,0.03939666081707,0.015310332548221596,0.24086328268848406,1.0,1.0453728451432296,0.0
2.0,24,A1,0.0559562145146637,0.030346357020644275,0.2560985749401942,1.0,1.0109372255809819,0.0
2.0,25,A1,0.0445959105322387,0.01814140384566491,0.2645450668657378,1.0,1.0166239715156962,0.0
2.0,26,A1,0.06117537716010911,0.03302866701855651,0.28146710141552594,1.0,1.0006311230394855,0.0
2.0,27,A1,0.051810613779717324,0.02652973378824849,0.25280879991468835,1.0,1.033306628576014,0.0
2.0,28,A1,0.05198632818174528,0.028442698987084656,0.23543629194660617,1.0,1.0776605696011625,0.0
2.0,29,A1,0.05383550526000275,0.028084146241363583,0.2575135901863917,1.0,1.0141840767540282,0.0
2.0,0,A2,0.044668324678289746,0.03767063307746444,0.06997691600825308,0.019128558324947132,1.1634425187717319,0.0
2.0,1,A2,0.041025314987682214,0.034390146406312175,0.06635168581370038,0.022580625470082747,1.137062326881421,0.0
2.0,2,A2,0.039626342132900574,0.03316526110568436,0.06461081027216214,0.02464997123507449,1.1978987771224205,0.0
2.0,3,A2,0.04471545471669994,0.03804995549903158,0.06665499217668355,0.02851519739811887,1.1211022983205723,0.0
2.0,4,A2,0.05018491640652021,0.0432121982720231,0.0697271813449711,0.028063964059416864,1.1813471448061477,0.0
2.0,5,A2,0.037907205325173624,0.03146458769486896,0.06442617630304658,0.02181964790790153,1.1329730394126232,0.0
2.0,6,A2,0.02784569690886165,0.022153410464439305,0.05692286444422343,0.014942198610177714,1.153537966305085,0.0
2.0,7,A2,0.037002378491862484,0.03088705456726319,0.06115323924599297,0.020214504489263752,1.1099937351092704,0.0
2.0,8,A2,0.027555163802911307,0.021540492007364843,0.060146717955464654,0.00950198421755049,1.1614248028778795,0.0
2.0,9,A2,0.05211503099048715,0.04504016872165112,0.07074862268836031,0.0373961837929476,1.1767698878532573,0.0
2.0,10,A2,0.050379371593372,0.043349759253543986,0.0702961233982801,0.0373160151501791,1.1675299342996943,0.0
2.0,11,A2,0.040181838196144806,0.033524957754357654,0.06656880441787157,0.02497060729353935,1.122443210823297,0.0
2.0,12,A2,0.027190915442812352,0.021376966456117027,0.05813948986695323,0.01641667199606529,1.1446925370468004,0.0
2.0,13,A2,0.05075017579925513,0.04385977656469683,0.068903992345583,0.028258835043095284,1.1647764210879965,0.0
2.0,14,A2,0.05248036006504396,0.04512139052364649,0.0735896954139747,0.02520847401439785,1.1340238589282254,0.0
2.0,15,A2,0.056798742865252556,0.04965603912204159,0.07142703743210961,0.035010142693606264,1.1849177545314553,0.0
2.0,16,A2,0.039377581041698806,0.033011555695476376,0.06366025346222433,0.02471787993375535,1.1534083377298334,0.0
2.0,17,A2,0.04740890310919936,0.04087609012531151,0.06532812983887852,0.028876847894411566,1.1142098997514354,0.0
2.0,18,A2,0.05020853556651163,0.043114912664544765,0.07093622901966865,0.028098818991609223,1.1412175418388315,0.0
2.0,19,A2,0.04209443131295314,0.03545680203646446,0.0663762927648868,0.02084694216655106,1.1825388779118895,0.0
2.0,20,A2,0.05528118222315482,0.04832521314227119,0.06955969080883628,0.035636756616226076,1.1642502884738795,0.0
2.0,21,A2,0.041007735422638414,0.034461944407904996,0.0654579101473342,0.016985229723475614,1.1859023634058854,0.0
2.0,22,A2,0.03966828175058344,0.03356843579076757,0.060998459598158694,0.028444570495865455,1.2041851204793486,0.0
2.0,23,A2,0.0299525942076807,0.024311539090063,0.05641055117617703,0.01796110035692083,1.1563983907719027,0.0
2.0,24,A2,0.04325513801923418,0.03654109097677606,0.06714047042458118,0.023187505806299066,1.1380501095866615,0.0
2.0,25,A2,0.03051407901800813,0.02436985663185016,0.061442223861579666,0.01630998763217598,1.1633197131537742,0.0
2.0,26,A2,0.04943316651939639,0.04220615086923711,0.07227015650159273,0.028866008466647202,1.1632257059144686,0.0
2.0,27,A2,0.037304335653897604,0.031022493523191898,0.06281842130705705,0.019028167405556025,1.155308830010834,0.0
2.0,28,A2,0.03813764297368803,0.03184889542822276,0.06288747545465277,0.02030721424046668,1.1259051564641698,0.0
2.0,29,A2,0.03598297886128993,0.030097168666341406,0.05885810194948523,0.024283181828156555,1.1414423586217661,0.0
2.0,0,A3,0.04520412655998544,0.03677171932236337,0.08432407237622062,0.13781114796185134,1.1585473451524546,0.0
2.0,1,A3,0.04151585412313912,0.03344298984429911,0.08072864278840011,0.14384353820178813,1.150903694390776,0.0
2.0,2,A3,0.039884446916986775,0.03205900114274057,0.078254457742462,0.14809175824713697,1.1851244890344332,0.0
2.0,3,A3,0.04522922153656734,0.037215761107603273,0.08013460428964066,0.13336376340097905,1.1121733225716712,0.0
2.0,4,A3,0.050810612553950335,0.04250402664053449,0.08306585913415847,0.14366527594407025,1.1710650382539927,0.0
2.0,5,A3,0.03819454270202552,0.030379666804839927,0.07814875897185591,0.1522464725627282,1.1245446329891693,0.0
2.0,6,A3,0.028847344223808,0.021622975595097797,0.07224368628710204,0.15553667016443326,1.1603150721826925,0.0
2.0,7,A3,0.037461609944910434,0.029882249585567684,0.07579360359342749,0.14888917573206187,1.0976977101977907,0.0
2.0,8,A3,0.02856964974163349,0.020934375615718353,0.07635274125915135,0.15449362250367507,1.1624507369037416,0.0
2.0,9,A3,0.05223766316448269,0.043924762731671944,0.08312900432810741,0.14123062948189413,1.175324433339155,0.0
2.0,10,A3,0.05031969889062898,0.042003451696428204,0.0831624719420078,0.13938601313150675,1.1499510338287509,0.0
2.0,11,A3,0.040694993442963755,0.03265247512673583,0.08042518316227926,0.1500144262779508,1.1221466681873271,0.0
2.0,12,A3,0.027619691044626787,0.020287336531709783,0.07332354512917003,0.1438493809265005,1.1225899430091388,0.0
2.0,13,A3,0.05085435739063317,0.04255188244325905,0.08302474947374118,0.1457999991988641,1.130458308331563,0.0
2.0,14,A3,0.05274816397023288,0.043978658972301986,0.08769504997930895,0.14117594645467355,1.1368662918235242,0.0
2.0,15,A3,0.056898860027105765,0.04860574375614672,0.08293116270959044,0.13856774978227426,1.1878865929282085,0.0
2.0,16,A3,0.03942157543054151,0.031630916475240474,0.0779065895530104,0.14449296387967092,1.1342223092970454,0.0
2.0,17,A3,0.04785656891361693,0.040010835999059316,0.0784573291455761,0.14092962575450002,1.123859386933317,0.0
2.0,18,A3,0.05058694836403593,0.04205022922124947,0.08536719142786459,0.150863721735691,1.1435830160505165,0.0
2.0,19,A3,0.04225783728628939,0.034183802774528566,0.08074034511760823,0.1502278671731496,1.167756025142167,0.0
2.0,20,A3,0.05534849771494694,0.04711124743198014,0.08237250282966795,0.14010089021488212,1.1445310351368911,0.0
2.0,21,A3,0.04092186269169635,0.03296846440455359,0.07953398287142763,0.1439577120324969,1.166556153376239,0.0
2.0,22,A3,0.04010234675372312,0.03266761965823658,0.07434727095486542,0.15008052000253563,1.1899103104238837,0.0
2.0,23,A3,0.030269889640246867,0.023231666718163266,0.07038222922083599,0.15200513663373771,1.1624816382866312,0.0
2.0,24,A3,0.043496904301132094,0.035402536800661646,0.08094367500470447,0.14495207363782908,1.1170693564399126,0.0
2.0,25,A3,0.030746738454710393,0.023075594600671052,0.0767114385403934,0.14172772866188704,1.1287932967871739,0.0
2.0,26,A3,0.04868434466667684,0.040164142582972,0.08520202083704843,0.13489397893191885,1.1298255916582385,0.0
2.0,27,A3,0.03767440354703787,0.029901203847809206,0.0777319969922866,0.15070847980156676,1.1470654231569648,0.0
2.0,28,A3,0.03911260698660916,0.031421739770323434,0.07690867216285721,0.15586168383897422,1.151782943079704,0.0
2.0,29,A3,0.03655943622245595,0.029246351833295953,0.07313084389159996,0.14625687782428048,1.141272163890241,0.0
3.0,0,R,0.04483244296530671,0.03798422115610971,0.06848221809197004,nan,nan,nan
3.0,1,R,0.041145828975504506,0.034634011473765124,0.06511817501739382,nan,nan,nan
3.0,2,R,0.03986176818591134,0.033490226715996954,0.06371541469914387,nan,nan,nan
3.0,3,R,0.04495909504809696,0.038462952016899435,0.0649614303119753,nan,nan,nan
3.0,4,R,0.05042596460707471,0.04364988172357114,0.06776082883503563,nan,nan,nan
3.0,5,R,0.03812105870022789,0.03182442481522021,0.06296633885007683,nan,nan,nan
3.0,6,R,0.027869493728371254,0.022249117766953735,0.05620375961417519,nan,nan,nan
3.0,7,R,0.037164715536556585,0.031203520822968903,0.05961194713587678,nan,nan,nan
3.0,8,R,0.027577437490985415,0.021590289360321337,0.059871481306640766,nan,nan,nan
3.0,9,R,0.05260628970114343,0.04580240684958923,0.06803882851554198,nan,nan,nan
3.0,10,R,0.05067620214350274,0.04389321438924065,0.0678298775426209,nan,nan,nan
3.0,11,R,0.04027127474881056,0.033777125630780974,0.06494149118029581,nan,nan,nan
3.0,12,R,0.027399494615225697,0.0216830124924901,0.057164821227355986,nan,nan,nan
3.0,13,R,0.05099587425415718,0.04429101526199222,0.06704858992164953,nan,nan,nan
3.0,14,R,0.052816308102548455,0.04562121411189365,0.07195093990654809,nan,nan,nan
3.0,15,R,0.05707777344859655,0.05015830002349357,0.06919473425102977,nan,nan,nan
3.0,16,R,0.03961635221512756,0.03339179746509815,0.06224554750029415,nan,nan,nan
3.0,17,R,0.0475937136367703,0.04118537334776854,0.0640834028900176,nan,nan,nan
3.0,18,R,0.05040803612579068,0.04346635497850177,0.06941681147288908,nan,nan,nan
3.0,19,R,0.04232884562591614,0.035782909561117265,0.0654593606479888,nan,nan,nan
3.0,20,R,0.05551970095641656,0.04878146359376114,0.06738237362655423,nan,nan,nan
3.0,21,R,0.04113496791265125,0.034680287046359656,0.0645468086629159,nan,nan,nan
3.0,22,R,0.03986422594078809,0.033927718851900365,0.05936507088887725,nan,nan,nan
3.0,23,R,0.030004476349638272,0.02445776719614839,0.0554670915348988,nan,nan,nan
3.0,24,R,0.04347500193405997,0.03692185892306394,0.0655314301099603,nan,nan,nan
3.0,25,R,0.030648934146713994,0.024585431310553883,0.060635028361601125,nan,nan,nan
3.0,26,R,0.049951398895436844,0.04289662484660021,0.07054774048836633,nan,nan,nan
3.0,27,R,0.03743291928801874,0.031239820146229745,0.06193099141788994,nan,nan,nan
3.0,28,R,0.03818412153308033,0.03204797104456787,0.06136150488512458,nan,nan,nan
3.0,29,R,0.03622503052973854,0.03049073009154404,0.057343004381945034,nan,nan,nan
3.0,0,A1,0.0882375215788774,0.0516295722044954,0.36607949374382015,1.0,1.0289156870678358,0.0
3.0,1,A1,0.08179614350570888,0.04675597891938398,0.350401645863249,1.0,1.0047509394149712,0.0
3.0,2,A1,0.0726003965605124,0.0391979238017323,0.33402472758780094,1.0,1.0552597472836953,0.0
3.0,3,A1,0.0848433409371617,0.04984322026103406,0.35000120676127644,1.0,1.0235421128580733,0.0
3.0,4,A1,0.09639825914890263,0.059508688207034116,0.36889570941868516,1.0,1.0041039905525777,0.0
3.0,5,A1,0.07728350753971155,0.042326118299730583,0.34957389239980974,1.0,1.0063117650401459,0.0
3.0,6,A1,0.06424405416307356,0.03081320420780972,0.33430849955263836,1.0,1.0429009668887335,0.0
3.0,7,A1,0.07424613493451704,0.040937408006931804,0.33308726927585236,1.0,1.0311209968908552,0.0
3.0,8,A1,0.062099211949139185,0.027965813859660373,0.3413339808947881,1.0,1.0415831198060024,0.0
3.0,9,A1,0.08848084237632602,0.052630298849763606,0.35850543526562406,1.0,1.0342578937332265,0.0
3.0,10,A1,0.08341081167703773,0.049034504791728495,0.3437630688530923,1.0,1.0586344804360703,0.0
3.0,11,A1,0.07600719232884368,0.041291410952341026,0.3471578137650264,1.0,1.0126354646913682,0.0
3.0,12,A1,0.06387359995248176,0.02985623977840095,0.34017360174080813,1.0,1.0640910711827054,0.0
3.0,13,A1,0.08891033886273618,0.05300678711343376,0.35903551749302415,1.0,1.0036995944005316,0.0
3.0,14,A1,0.09441589305518841,0.058198456163436774,0.36217436891751625,1.0,1.036461088426749,0.0
3.0,15,A1,0.09485352407000158,0.0600209467802037,0.3483257728979788,1.0,1.030337197987357,0.0
3.0,16,A1,0.07276370574317953,0.03859667244070153,0.34167033302477995,1.0,1.0477772599185715,0.0
3.0,17,A1,0.08891838995087295,0.05440841676471289,0.3450997318616005,1.0,0.9910929853634428,0.0
3.0,18,A1,0.08841563754086404,0.05268842298126946,0.3572721455959457,1.0,1.0133187197708378,0.0
3.0,19,A1,0.0785622487720136,0.04409377831898727,0.3446847045302632,1.0,1.0391543707781046,0.0
3.0,20,A1,0.09671046667747676,0.062088248142012574,0.34622218535464183,1.0,1.014686911272319,0.0
3.0,21,A1,0.06993652433189307,0.03589645724350705,0.3404006708838603,1.0,1.0174824035319354,0.0
3.0,22,A1,0.08008676099612602,0.04610495568212938,0.3398180531399663,1.0,1.0298221573579032,0.0
3.0,23,A1,0.06759899500471554,0.03444314040756404,0.331558545971515,1.0,1.0713780339294765,0.0
3.0,24,A1,0.08471191428255141,0.04964991278413584,0.35062001498415574,1.0,1.0309216182879952,0.0
3.0,25,A1,0.06433129200869996,0.030885953632986057,0.33445338375713896,1.0,1.0188452585088128,0.0
3.0,26,A1,0.07873870258940449,0.04329335267301435,0.3544534991639014,1.0,1.016089946299109,0.0
3.0,27,A1,0.08082497605229458,0.04713145302630573,0.33693523025988853,1.0,1.038823446245161,0.0
3.0,28,A1,0.07957889592440634,0.04538795816041488,0.3419093776399146,1.0,1.0341061975377548,0.0
3.0,29,A1,0.07613692828212221,0.041571121924268546,0.34565806357853657,1.0,1.0284481759038453,0.0003333333333333333
3.0,0,A2,0.04477564734907229,0.03785134812991597,0.0692429921915632,0.010604631082516315,1.1589168555230576,0.0
3.0,1,A2,0.04095717454019907,0.034364423665975405,0.06592750874223666,0.011080901873818324,1.1356797077286387,0.0
3.0,2,A2,0.03973032231759407,0.03328038354057292,0.06449938777021147,0.012476752642439491,1.1513436172600813,0.0
3.0,3,A2,0.044824657046459035,0.03825431323190183,0.06570343814557206,0.012287156046053734,1.1231961089583413,0.0
3.0,4,A2,0.0503695213492661,0.043447712106658966,0.06921809242607135,0.012810671412282894,1.1976262992006794,0.0
3.0,5,A2,0.03796588158406611,0.0314965447270695,0.06469336856996605,0.011342175580040694,1.150921155457445,0.0
3.0,6,A2,0.0278519896064039,0.022187317832247252,0.05664671774156647,0.007158663201807116,1.1555631857914204,0.0
3.0,7,A2,0.03697659797703189,0.03083616861189691,0.061404293651349855,0.013258581813970821,1.1212658474872412,0.0
3.0,8,A2,0.02754356985216469,0.021536978412007298,0.060065914401573904,0.005697988876462471,1.1580173443615442,0.0
3.0,9,A2,0.05243399103828898,0.04551223784015531,0.0692175319813367,0.01655366324093317,1.1536780524675074,0.0
3.0,10,A2,0.050612629047166326,0.043710799247831944,0.06901829799334383,0.014524095986074084,1.186426722614065,0.0
3.0,11,A2,0.040188121292886535,0.033627460156200495,0.06560661136686037,0.008528410043763573,1.1260612573137603,0.0
3.0,12,A2,0.027239829101993216,0.02147566994622341,0.057641591557698046,0.007828520567230018,1.1845029517241374,0.0
3.0,13,A2,0.05095442107860739,0.04407289571485135,0.06881525363756036,0.01736376180866676,1.190148321459834,0.0
3.0,14,A2,0.05262195307248436,0.0453022522815881,0.07319700790896255,0.014131629792327868,1.1460688389322569,0.0
3.0,15,A2,0.05696069250575138,0.04987024002513379,0.07090452480617587,0.016898190280003163,1.1857106342544053,0.0
3.0,16,A2,0.03958023958363927,0.033313934656388454,0.06266304927250818,0.005725077995110057,1.1831866796261483,0.0
3.0,17,A2,0.047492185901668524,0.040987184372280244,0.06505001529388275,0.013278606445038463,1.108186077478532,0.0
3.0,18,A2,0.050285405891953266,0.04319715515771186,0.07088250734241407,0.017691025721569782,1.1503510054291564,0.0
3.0,19,A2,0.042213808557540394,0.035563426542973973,0.06650382014566421,0.015646896069415148,1.1661612082919932,0.0
3.0,20,A2,0.05543602691036561,0.04853873263392513,0.0689729427644048,0.019791546335476074,1.165743600674769,0.0
3.0,21,A2,0.04102597869869837,0.03449638357480825,0.06529595123890124,0.010845560066361292,1.1857698861172452,0.0
3.0,22,A2,0.039771703091589554,0.03376996159763599,0.06001741493953563,0.011623511550891441,1.162652409254127,0.0
3.0,23,A2,0.029989753442861852,0.024392551419063015,0.05597202023798837,0.00820519171348673,1.1413950185625852,0.0
3.0,24,A2,0.04337271411572768,0.03670607425716516,0.06666639858562516,0.01035157477875301,1.1444846010748861,0.0
3.0,25,A2,0.030522938644285253,0.024409148839141054,0.061137898051441986,0.01240822198308052,1.1738843851268461,0.0
3.0,26,A2,0.04976970260157018,0.042664601053905626,0.07105101547664554,0.011831500893797952,1.183218619343392,0.0
3.0,27,A2,0.03737567540500611,0.031090636872098537,0.06285038532907572,0.011778840160531706,1.1597299429938035,0.0
3.0,28,A2,0.03813083949672058,0.03190695322556722,0.0622388627115336,0.008621039194195797,1.1176494077857364,0.0
3.0,29,A2,0.03612264993504666,0.030274952795253666,0.058476971397929886,0.013741855234365979,1.15368484085661,0.0
3.0,0,A3,0.044984893071445244,0.03718936052335283,0.07795532548092414,0.06726233911040141,1.1507314475123966,0.0
3.0,1,A3,0.04103358355183636,0.03363443217948836,0.07399151372347999,0.06831647945097018,1.1264135042924637,0.0
3.0,2,A3,0.039925316045488636,0.03277690876768709,0.07148407277801548,0.06820804207558703,1.1712141116245467,0.0
3.0,3,A3,0.04492495366162877,0.03750455187749128,0.07420401784137491,0.06871502840348091,1.1165807505335241,0.0
3.0,4,A3,0.050669929898686246,0.042961291637476716,0.07708638261209527,0.06685231161706816,1.1796677114501792,0.0
3.0,5,A3,0.037967995597673845,0.03070315848813853,0.07264837109535312,0.06919805474338543,1.136256619153811,0.0
3.0,6,A3,0.02838220965266522,0.021856194776796255,0.06526014875868964,0.07030204184209346,1.1462111016085064,0.0
3.0,7,A3,0.03726185770643973,0.030235504986209267,0.07026352720230461,0.0711991731852497,1.1132313444292141,0.0
3.0,8,A3,0.02802887665103205,0.02114990001743192,0.0687897663360013,0.06756778090023433,1.1428137659775404,0.0
3.0,9,A3,0.05240909339203049,0.044602250210226894,0.07806843181803592,0.06965695756554731,1.150091374116341,0.0
3.0,10,A3,0.05074330471724601,0.04308131850185451,0.076619862153915,0.06778065096929287,1.1856986324134036,0.0
3.0,11,A3,0.040470800992545915,0.032960185486902924,0.0751061550564299,0.06773793871283582,1.1094932443009755,0.0
3.0,12,A3,0.027816960187893484,0.02116667860679406,0.06650281581099422,0.07002135087493577,1.182860799171684,0.0
3.0,13,A3,0.05095704038685825,0.04344262503961251,0.07514415347245731,0.06703307154070148,1.1786950313530593,0.0
3.0,14,A3,0.05272031453153323,0.04464717570351375,0.08073138828019481,0.06752928884188644,1.1502848704843127,0.0
3.0,15,A3,0.057229457935957045,0.04938153867986822,0.0784791925608883,0.06976025861626454,1.184384078315075,0.0
3.0,16,A3,0.039666013269489195,0.03253564390317905,0.07130369366310142,0.07144426614301191,1.1706109718225974,0.0
3.0,17,A3,0.047542089856024934,0.04027863437767145,0.07263455478353487,0.06677883442344941,1.0980931077338683,0.0
3.0,18,A3,0.0501775134157226,0.04241224150610003,0.07765271909622566,0.06854425675896605,1.1334058705182517,0.0
3.0,19,A3,0.04250275728642416,0.03509608727739384,0.07406670009030313,0.06930946760416581,1.1664994482285196,0.0
3.0,20,A3,0.05548785445902926,0.047971465344030975,0.07516389114998288,0.06650237183317373,1.160019714801224,0.0
3.0,21,A3,0.04106373731451648,0.03375439873231483,0.07309338582201644,0.06871642197782805,1.1741637798658557,0.0
3.0,22,A3,0.03979643340298853,0.03305904225580351,0.0673739114718502,0.06713166654605467,1.1527090489057519,0.0
3.0,23,A3,0.030572430262503072,0.024120944315116404,0.06451485947386669,0.06960346677530428,1.1434178097183187,0.0
3.0,24,A3,0.04358518958619889,0.036135100412822155,0.07450089173376735,0.06607539344589848,1.140496020485156,0.0
3.0,25,A3,0.030519377267710077,0.023645538859187937,0.0687383840852214,0.07347413648236766,1.1534593299287155,0.0
3.0,26,A3,0.04957161879055004,0.041736243584586344,0.07835375205963695,0.06719861593343045,1.1691702054605875,0.0
3.0,27,A3,0.03750487771625072,0.030605569071254547,0.06899308644996172,0.06949840942265419,1.16135457029751,0.0
3.0,28,A3,0.0387000492411999,0.03168572758406497,0.07014321657134931,0.06588096861114573,1.1177315120406792,0.0
3.0,29,A3,0.036259638580977846,0.0297089021451104,0.06550736435867448,0.0691449918281808,1.1468098028641913,0.0
4.0,0,R,0.04483244296530671,0.03798422115610971,0.06848221809197004,nan,nan,nan
4.0,1,R,0.041145828975504506,0.034634011473765124,0.06511817501739382,nan,nan,nan
4.0,2,R,0.03986176818591134,0.033490226715996954,0.06371541469914387,nan,nan,nan
4.0,3,R,0.04495909504809696,0.038462952016899435,0.0649614303119753,nan,nan,nan
4.0,4,R,0.05042596460707471,0.04364988172357114,0.06776082883503563,nan,nan,nan
4.0,5,R,0.03812105870022789,0.03182442481522021,0.06296633885007683,nan,nan,nan
4.0,6,R,0.027869493728371254,0.022249117766953735,0.05620375961417519,nan,nan,nan
4.0,7,R,0.037164715536556585,0.031203520822968903,0.05961194713587678,nan,nan,nan
4.0,8,R,0.027577437490985415,0.021590289360321337,0.059871481306640766,nan,nan,nan
4.0,9,R,0.05260628970114343,0.04580240684958923,0.06803882851554198,nan,nan,nan
4.0,10,R,0.05067620214350274,0.04389321438924065,0.0678298775426209,nan,nan,nan
4.0,11,R,0.04027127474881056,0.033777125630780974,0.06494149118029581,nan,nan,nan
4.0,12,R,0.027399494615225697,0.0216830124924901,0.057164821227355986,nan,nan,nan
4.0,13,R,0.05099587425415718,0.04429101526199222,0.06704858992164953,nan,nan,nan
4.0,14,R,0.052816308102548455,0.04562121411189365,0.07195093990654809,nan,nan,nan
4.0,15,R,0.05707777344859655,0.05015830002349357,0.06919473425102977,nan,nan,nan
4.0,16,R,0.03961635221512756,0.03339179746509815,0.06224554750029415,nan,nan,nan
4.0,17,R,0.0475937136367703,0.04118537334776854,0.0640834028900176,nan,nan,nan
4.0,18,R,0.05040803612579068,0.04346635497850177,0.06941681147288908,nan,nan,nan
4.0,19,R,0.04232884562591614,0.035782909561117265,0.0654593606479888,nan,nan,nan
4.0,20,R,0.05551970095641656,0.04878146359376114,0.06738237362655423,nan,nan,nan
4.0,21,R,0.04113496791265125,0.034680287046359656,0.0645468086629159,nan,nan,nan
4.0,22,R,0.03986422594078809,0.033927718851900365,0.05936507088887725,nan,nan,nan
4.0,23,R,0.030004476349638272,0.02445776719614839,0.0554670915348988,nan,nan,nan
4.0,24,R,0.04347500193405997,0.03692185892306394,0.0655314301099603,nan,nan,nan
4.0,25,R,0.030648934146713994,0.024585431310553883,0.060635028361601125,nan,nan,nan
4.0,26,R,0.049951398895436844,0.04289662484660021,0.07054774048836633,nan,nan,nan
4.0,27,R,0.03743291928801874,0.031239820146229745,0.06193099141788994,nan,nan,nan
4.0,28,R,0.03818412153308033,0.03204797104456787,0.06136150488512458,nan,nan,nan
4.0,29,R,0.03622503052973854,0.03049073009154404,0.057343004381945034,nan,nan,nan
4.0,0,A1,0.12024045040936743,0.07711054597868135,0.4312990443068608,1.0,1.0465032502406548,0.0
4.0,1,A1,0.13165134606447002,0.09034866407328873,0.41302681991181284,1.0,1.0168967417286239,0.0003333333333333333
4.0,2,A1,0.10560864915139168,0.06501991871781804,0.4058873043357363,1.0,1.0403292955735812,0.0
4.0,3,A1,0.12716564788134954,0.08500393357764816,0.4216171430370137,1.0,1.0483039325262884,0.0
4.0,4,A1,0.13085823148157122,0.08933648097231833,0.4152175050925287,1.0,1.0238720893649929,0.0
4.0,5,A1,0.10781104747518605,0.0696152621203842,0.3819578535480186,1.0,1.040452836476919,0.0
4.0,6,A1,0.10564184906267364,0.06433949077277594,0.41302358289897695,1.0,1.0194201566014152,0.0
4.0,7,A1,0.13819434376188328,0.0971506382770949,0.4104370548478839,1.0,1.0232871284959781,0.0
4.0,8,A1,0.09688947393508476,0.05612366978306836,0.407658041520164,1.0,1.040751661605022,0.0
4.0,9,A1,0.13525793772799766,0.09260280430779365,0.4265513342020401,1.0,1.0241270116264416,0.0
4.0,10,A1,0.13362503747979482,0.0911882897795679,0.4243674770022691,1.0,1.0062122034142404,0.0
4.0,11,A1,0.1271199898228623,0.08543226114257826,0.4168772868028402,1.0,1.00635240737926,0.0
4.0,12,A1,0.1005596049358867,0.0604935660717692,0.40066038864117504,1.0,1.0305920198284189,0.0
4.0,13,A1,0.12395650868581506,0.08293063261291024,0.41025876072904816,1.0,1.007199941646911,0.0
4.0,14,A1,0.13815001149591655,0.09503903374131588,0.4311097775460068,1.0,1.008107550954055,0.0
4.0,15,A1,0.14137152626871813,0.0992619048224686,0.42109621446249507,1.0,1.041830833226804,0.0
4.0,16,A1,0.11476426489263561,0.07274841465416085,0.4201585023847475,1.0,1.0268878846597487,0.0
4.0,17,A1,0.16178557407541766,0.12096164866580696,0.40823925409610684,1.0,1.0102254965212438,0.0
4.0,18,A1,0.12868893150741184,0.08714957853235679,0.4153935297505505,1.0,1.0153445691129346,0.0
4.0,19,A1,0.10828132685905192,0.0674634496849188,0.4081787717413313,1.0,1.0379807531629208,0.0
4.0,20,A1,0.1400162849182139,0.09923067221789923,0.4078561270031468,1.0,1.027714685053702,0.0
4.0,21,A1,0.12462995433372577,0.08298763188384557,0.41642322449880204,1.0,1.0272913026807355,0.0
4.0,22,A1,0.11857431299088847,0.07682643496897365,0.41747878021914825,1.0,1.0298762118439204,0.0
4.0,23,A1,0.10084202173204829,0.05862673841064446,0.4221528332140381,1.0,1.0273101880530633,0.0
4.0,24,A1,0.12548570992720187,0.08537487567809474,0.40110834249107136,1.0,1.0333829198966082,0.0
4.0,25,A1,0.11385266593342089,0.07193583246127558,0.4191683347214531,1.0,1.0156253577909917,0.0
4.0,26,A1,0.12216365059975472,0.07918736411254498,0.42976286487209736,1.0,1.0126652083560765,0.0003333333333333333
4.0,27,A1,0.13075999127115967,0.09079151089025703,0.3996848038090266,1.0,1.0145456362633742,0.0
4.0,28,A1,0.1261332744230143,0.08645936079635365,0.3967391362666065,1.0,1.0280702610526111,0.0
4.0,29,A1,0.11260422854490476,0.07058093804098606,0.4202329050391869,1.0,1.0306320973762313,0.0003333333333333333
4.0,0,A2,0.04475940023518371,0.03787065807578687,0.06888742159396842,0.00574381281103187,1.1678211283401483,0.0
4.0,1,A2,0.0411369208576943,0.03454623013128203,0.06590690726412264,0.007874665554350917,1.1391767812985663,0.0
4.0,2,A2,0.03980247931792265,0.033375824375593124,0.0642665494232952,0.007078107122705214,1.1867722458810928,0.0
4.0,3,A2,0.04491368040345993,0.03835108334117529,0.06562597062284638,0.007708206858970832,1.1738187874775234,0.0
4.0,4,A2,0.05038250144344637,0.0435321860035465,0.06850315439899873,0.005924815690569588,1.1707662248464015,0.0
4.0,5,A2,0.03798901824462691,0.03162391386113051,0.06365104383496395,0.007556686342203636,1.1557620809524844,0.0
4.0,6,A2,0.027876659518459274,0.0221832573308195,0.056934021876397706,0.005636857618304077,1.1333593116018779,0.0
4.0,7,A2,0.037082450543076365,0.03098579418907029,0.06096656354006074,0.007921838225891997,1.1234166022807681,0.0
4.0,8,A2,0.027573527678583308,0.0215673337051822,0.0600619397340111,0.0036344342987653486,1.1578873400907417,0.0
4.0,9,A2,0.05249818190096218,0.04561077478134977,0.06887407119612407,0.00823250009123414,1.1828549158048434,0.0
4.0,10,A2,0.05053221544804173,0.04364070073059136,0.06891514717450364,0.01313848329250647,1.1763664554567603,0.0
4.0,11,A2,0.04020929742308697,0.03366539328549223,0.0654390413759474,0.007507412190197583,1.1287556676859314,0.0
4.0,12,A2,0.027310614110069284,0.021548365374190876,0.05762248735878407,0.004289610224946942,1.1314905782645672,0.0
4.0,13,A2,0.05089790151697483,0.044053073820656104,0.06844827696318728,0.011246585452627803,1.1888655914237427,0.0
4.0,14,A2,0.052651282484608763,0.04535041612558873,0.07300866359020029,0.009559066254430187,1.146187272140141,0.0
4.0,15,A2,0.056999608521814724,0.04998399901216578,0.07015609509648942,0.00855086271795496,1.1859915980048124,0.0
4.0,16,A2,0.03954864455894719,0.033223642881429816,0.06325001677517368,0.007975709435237626,1.1527956033544442,0.0
4.0,17,A2,0.04755359617096571,0.04107740442160581,0.06476191749359902,0.007572534589456958,1.1508257540744984,0.0
4.0,18,A2,0.05039220334729748,0.04333970120195639,0.07052502145341086,0.00912562632406705,1.1431964493988183,0.0
4.0,19,A2,0.042293136055438676,0.03566067171424016,0.06632464341198521,0.006774416312265292,1.217445611049314,0.0
4.0,20,A2,0.05547649725222544,0.04863447928972781,0.0684201796249763,0.012323234812924341,1.1745715443810596,0.0
4.0,21,A2,0.04109530317368021,0.0345754721148752,0.06519831058805008,0.007451877280258297,1.209260922062683,0.0
4.0,22,A2,0.039793054093582594,0.033811382876439006,0.05981671217143592,0.007993541853960796,1.2051379146982708,0.0
4.0,23,A2,0.02994833960566671,0.02435427803492567,0.05594061570741038,0.005912039005997529,1.1635075038274874,0.0
4.0,24,A2,0.04347712314305918,0.03674825732157193,0.06728865821487257,0.011479919355949327,1.135303632022464,0.0
4.0,25,A2,0.030602348817127457,0.024488911040102847,0.06113437777024611,0.004765245902908075,1.1541055577692836,0.0
4.0,26,A2,0.049701714574694175,0.042587164573641666,0.07114550001052508,0.010911660894258114,1.1737141063262775,0.0
4.0,27,A2,0.03740455681057958,0.031134839281176656,0.06269717529402927,0.006651814680500938,1.156323699476293,0.0
4.0,28,A2,0.0381691185571013,0.03198607549709797,0.061830430600033244,0.006573216504783669,1.1313086493759132,0.0
4.0,29,A2,0.03615553473687849,0.030329154049106296,0.058263806877721994,0.007719693033660494,1.1421956530954447,0.0
4.0,0,A3,0.04500349840544006,0.03751618925530886,0.074873091501312,0.039874605370458144,1.1668135391558363,0.0
4.0,1,A3,0.04125460209564035,0.03419853005428146,0.07056072041358889,0.03967244808424605,1.1414912454791328,0.0
4.0,2,A3,0.039948078553993654,0.033019371326270766,0.06928707227722891,0.04055670279400918,1.1872532577914234,0.0
4.0,3,A3,0.0449396688376764,0.03784856892099499,0.0709109991668141,0.03823571134993498,1.1697296362249783,0.0
4.0,4,A3,0.05061869934949065,0.043310451509049656,0.07308247840440991,0.03958853245819392,1.1670000856238678,0.0
4.0,5,A3,0.03803912519177477,0.03128048280419109,0.06758642387583683,0.039997708649228386,1.1650534795167138,0.0
4.0,6,A3,0.028201251772555096,0.02196373248168716,0.06237519290867938,0.04118108927670534,1.1379090157330685,0.0
4.0,7,A3,0.03713612331469049,0.030541854241065335,0.06594269073625156,0.039072662653484566,1.115265969151501,0.0
4.0,8,A3,0.027870386433879263,0.02121020368408413,0.06660182749795131,0.04138330065719165,1.1565522312440077,0.0
4.0,9,A3,0.05242838623451632,0.045106696480506164,0.0732168975401016,0.03715403721930725,1.178102053207271,0.0
4.0,10,A3,0.05057640969573782,0.043293941391131865,0.07282468304605949,0.03880844861842295,1.1763789694977878,0.0
4.0,11,A3,0.04025199800677838,0.03320816390683114,0.07043834099947248,0.03967547891218978,1.1233704061464327,0.0
4.0,12,A3,0.027622215210073905,0.021278389648576746,0.06343825561497159,0.04055802162054522,1.1307470237080914,0.0
4.0,13,A3,0.050743917397149216,0.043539188508957535,0.07204728888191682,0.03902894526700003,1.1770168512192045,0.0
4.0,14,A3,0.05263176907585129,0.04477508648706252,0.07856682588788769,0.0397788302645367,1.1396252353630083,0.0
4.0,15,A3,0.0571701831720593,0.04972270383594238,0.0744747933611692,0.037708399853075426,1.186349404832141,0.0
4.0,16,A3,0.039645031091162325,0.032821075964010606,0.06823955127151717,0.04037942481435514,1.148600086381887,0.0
4.0,17,A3,0.04778421953101233,0.04084872966244601,0.06935489868566316,0.038550480769769004,1.147830425551878,0.0
4.0,18,A3,0.05022380623227574,0.04273643035029729,0.07487375881978452,0.0393707374312993,1.1381864128158399,0.0
4.0,19,A3,0.0423238080044981,0.03521200058075697,0.07111807423741133,0.03834766971237412,1.213533880780662,0.0
4.0,20,A3,0.05564694957119033,0.04836786252787264,0.07279087043317693,0.03849366805571011,1.174488390028355,0.0
4.0,21,A3,0.041216804245704994,0.03420914991141225,0.0700765433429274,0.03803669383522329,1.2014716960887857,0.0
4.0,22,A3,0.03976064999517865,0.03336064651408895,0.06400003481089696,0.03849591821937917,1.1942597417781298,0.0
4.0,23,A3,0.030170503495283357,0.023961255440331973,0.06209248054951382,0.039086405462952896,1.1589281693984543,0.0
4.0,24,A3,0.043593447335758144,0.03641754674977743,0.07175900585980716,0.04020180185327514,1.1374713274052657,0.0
4.0,25,A3,0.03062352168396775,0.023978381703835927,0.06645139980131823,0.038614427582405506,1.1411319604373396,0.0
4.0,26,A3,0.04947717124179894,0.04187597585247319,0.07601195389325746,0.03890545530679272,1.1622192983990962,0.0
4.0,27,A3,0.03747839847824525,0.03071890573347872,0.06759492744766532,0.03872702548015646,1.1498299185249015,0.0
4.0,28,A3,0.03836611213529775,0.03165428761922236,0.06711824516075397,0.03932918261193559,1.125371263986712,0.0
4.0,29,A3,0.03634592866424087,0.02996961647561844,0.06376312188622431,0.039958549881512116,1.1442312900772629,0.0
